BEGIN TRANSACTION;
CREATE TABLE Floor (_id , name , level );
INSERT INTO Floor VALUES(0,'Ground Innovation',0);
INSERT INTO Floor VALUES(1,'Ground Observation',0);
INSERT INTO Floor VALUES(2,'Second Observation Wing',2);
INSERT INTO Floor VALUES(3,'Second Innovation Wing',3);
INSERT INTO Floor VALUES(4,'Third Observation Wing',4);
INSERT INTO Floor VALUES(5,'Third Innovation Wing',5);
INSERT INTO Floor VALUES(6,'Fourth Innovation Wing',6);
INSERT INTO Floor VALUES(7,'Fourth Observation Wing',7);
INSERT INTO Floor VALUES(8,'First Observation',8);
INSERT INTO Floor VALUES(9,'First Innovation',8);
CREATE TABLE "android_metadata" ("locale" TEXT DEFAULT 'en_US');
INSERT INTO android_metadata VALUES('en_US');
CREATE TABLE graphNode (_id, location_id);
INSERT INTO graphNode VALUES(0,0);
INSERT INTO graphNode VALUES(1,1);
INSERT INTO graphNode VALUES(2,2);
INSERT INTO graphNode VALUES(3,3);
INSERT INTO graphNode VALUES(4,4);
INSERT INTO graphNode VALUES(5,5);
INSERT INTO graphNode VALUES(13,13);
INSERT INTO graphNode VALUES(14,14);
INSERT INTO graphNode VALUES(15,15);
INSERT INTO graphNode VALUES(16,16);
INSERT INTO graphNode VALUES(17,17);
INSERT INTO graphNode VALUES(18,18);
INSERT INTO graphNode VALUES(19,19);
INSERT INTO graphNode VALUES(20,20);
INSERT INTO graphNode VALUES(21,21);
INSERT INTO graphNode VALUES(22,22);
INSERT INTO graphNode VALUES(23,23);
INSERT INTO graphNode VALUES(24,24);
INSERT INTO graphNode VALUES(25,25);
INSERT INTO graphNode VALUES(26,26);
INSERT INTO graphNode VALUES(27,27);
INSERT INTO graphNode VALUES(28,28);
INSERT INTO graphNode VALUES(29,29);
INSERT INTO graphNode VALUES(30,30);
INSERT INTO graphNode VALUES(31,31);
INSERT INTO graphNode VALUES(32,32);
INSERT INTO graphNode VALUES(33,33);
INSERT INTO graphNode VALUES(34,34);
INSERT INTO graphNode VALUES(35,35);
INSERT INTO graphNode VALUES(36,36);
INSERT INTO graphNode VALUES(37,37);
INSERT INTO graphNode VALUES(38,38);
INSERT INTO graphNode VALUES(1000,1000);
INSERT INTO graphNode VALUES(1001,1001);
INSERT INTO graphNode VALUES(1002,1002);
INSERT INTO graphNode VALUES(1003,1003);
INSERT INTO graphNode VALUES(1004,1004);
INSERT INTO graphNode VALUES(1005,1005);
INSERT INTO graphNode VALUES(1006,1006);
INSERT INTO graphNode VALUES(1007,1007);
INSERT INTO graphNode VALUES(1008,1008);
INSERT INTO graphNode VALUES(1009,1009);
INSERT INTO graphNode VALUES(1010,1010);
INSERT INTO graphNode VALUES(1011,1011);
INSERT INTO graphNode VALUES(1012,1012);
INSERT INTO graphNode VALUES(1013,1013);
INSERT INTO graphNode VALUES(1014,1014);
INSERT INTO graphNode VALUES(1015,1015);
INSERT INTO graphNode VALUES(1016,1016);
INSERT INTO graphNode VALUES(1017,1017);
INSERT INTO graphNode VALUES(1018,1018);
INSERT INTO graphNode VALUES(1019,1019);
INSERT INTO graphNode VALUES(1020,1020);
INSERT INTO graphNode VALUES(1021,1021);
INSERT INTO graphNode VALUES(1022,1022);
INSERT INTO graphNode VALUES(1023,1023);
INSERT INTO graphNode VALUES(1024,1024);
INSERT INTO graphNode VALUES(1025,1025);
INSERT INTO graphNode VALUES(1026,1026);
INSERT INTO graphNode VALUES(1027,1027);
INSERT INTO graphNode VALUES(1028,1028);
INSERT INTO graphNode VALUES(1029,1029);
INSERT INTO graphNode VALUES(1030,1030);
INSERT INTO graphNode VALUES(1031,1031);
INSERT INTO graphNode VALUES(1032,1032);
INSERT INTO graphNode VALUES(1033,1033);
INSERT INTO graphNode VALUES(1034,1034);
INSERT INTO graphNode VALUES(1035,1035);
INSERT INTO graphNode VALUES(1036,1036);
INSERT INTO graphNode VALUES(1037,1037);
INSERT INTO graphNode VALUES(1038,1038);
INSERT INTO graphNode VALUES(1039,1039);
INSERT INTO graphNode VALUES(1040,1040);
INSERT INTO graphNode VALUES(1041,1041);
INSERT INTO graphNode VALUES(1042,1042);
INSERT INTO graphNode VALUES(1043,1043);
INSERT INTO graphNode VALUES(1044,1044);
INSERT INTO graphNode VALUES(1045,1045);
INSERT INTO graphNode VALUES(1046,1046);
INSERT INTO graphNode VALUES(1047,1047);
INSERT INTO graphNode VALUES(1048,1048);
INSERT INTO graphNode VALUES(1049,1049);
INSERT INTO graphNode VALUES(1050,1050);
INSERT INTO graphNode VALUES(1051,1051);
INSERT INTO graphNode VALUES(1052,1052);
INSERT INTO graphNode VALUES(1053,1053);
INSERT INTO graphNode VALUES(1054,1054);
INSERT INTO graphNode VALUES(1055,1055);
INSERT INTO graphNode VALUES(1056,1056);
INSERT INTO graphNode VALUES(1057,1057);
INSERT INTO graphNode VALUES(1058,1058);
INSERT INTO graphNode VALUES(1059,1059);
INSERT INTO graphNode VALUES(1060,1060);
INSERT INTO graphNode VALUES(1061,1061);
INSERT INTO graphNode VALUES(1062,1062);
INSERT INTO graphNode VALUES(1063,1063);
INSERT INTO graphNode VALUES(1064,1064);
INSERT INTO graphNode VALUES(1065,1065);
INSERT INTO graphNode VALUES(1066,1066);
INSERT INTO graphNode VALUES(1067,1067);
INSERT INTO graphNode VALUES(1068,1068);
INSERT INTO graphNode VALUES(1069,1069);
INSERT INTO graphNode VALUES(1070,1070);
INSERT INTO graphNode VALUES(1071,1071);
INSERT INTO graphNode VALUES(1072,1072);
INSERT INTO graphNode VALUES(2109,2109);
INSERT INTO graphNode VALUES(2110,2110);
INSERT INTO graphNode VALUES(2111,2111);
INSERT INTO graphNode VALUES(2112,2112);
INSERT INTO graphNode VALUES(2113,2113);
INSERT INTO graphNode VALUES(2114,2114);
INSERT INTO graphNode VALUES(2115,2115);
INSERT INTO graphNode VALUES(2116,2116);
INSERT INTO graphNode VALUES(2117,2117);
INSERT INTO graphNode VALUES(2118,2118);
INSERT INTO graphNode VALUES(2119,2119);
INSERT INTO graphNode VALUES(2120,2120);
INSERT INTO graphNode VALUES(2121,2121);
INSERT INTO graphNode VALUES(2122,2122);
INSERT INTO graphNode VALUES(2123,2123);
INSERT INTO graphNode VALUES(2124,2124);
INSERT INTO graphNode VALUES(2125,2125);
INSERT INTO graphNode VALUES(2126,2126);
INSERT INTO graphNode VALUES(2127,2127);
INSERT INTO graphNode VALUES(2128,2128);
INSERT INTO graphNode VALUES(2129,2129);
INSERT INTO graphNode VALUES(2130,2130);
INSERT INTO graphNode VALUES(2131,2131);
INSERT INTO graphNode VALUES(2132,2132);
INSERT INTO graphNode VALUES(2133,2133);
INSERT INTO graphNode VALUES(2134,2134);
INSERT INTO graphNode VALUES(2135,2135);
INSERT INTO graphNode VALUES(2136,2136);
INSERT INTO graphNode VALUES(2137,2137);
INSERT INTO graphNode VALUES(2138,2138);
INSERT INTO graphNode VALUES(2139,2139);
INSERT INTO graphNode VALUES(2140,2140);
INSERT INTO graphNode VALUES(2141,2141);
INSERT INTO graphNode VALUES(2150,2150);
INSERT INTO graphNode VALUES(2151,2151);
INSERT INTO graphNode VALUES(2152,2152);
INSERT INTO graphNode VALUES(2153,2153);
INSERT INTO graphNode VALUES(2154,2154);
INSERT INTO graphNode VALUES(2156,2156);
INSERT INTO graphNode VALUES(2159,2159);
INSERT INTO graphNode VALUES(2166,2166);
INSERT INTO graphNode VALUES(2167,2167);
INSERT INTO graphNode VALUES(2168,2168);
INSERT INTO graphNode VALUES(2169,2169);
INSERT INTO graphNode VALUES(2170,2170);
INSERT INTO graphNode VALUES(2171,2171);
INSERT INTO graphNode VALUES(2172,2172);
INSERT INTO graphNode VALUES(2175,2175);
INSERT INTO graphNode VALUES(2176,2176);
INSERT INTO graphNode VALUES(2177,2177);
INSERT INTO graphNode VALUES(2178,2178);
INSERT INTO graphNode VALUES(2179,2179);
INSERT INTO graphNode VALUES(2180,2180);
INSERT INTO graphNode VALUES(2181,2181);
INSERT INTO graphNode VALUES(2182,2182);
INSERT INTO graphNode VALUES(2183,2183);
INSERT INTO graphNode VALUES(2184,2184);
INSERT INTO graphNode VALUES(2185,2185);
INSERT INTO graphNode VALUES(2186,2186);
INSERT INTO graphNode VALUES(2000,2000);
INSERT INTO graphNode VALUES(2188,2188);
INSERT INTO graphNode VALUES(2193,2193);
INSERT INTO graphNode VALUES(2194,2194);
INSERT INTO graphNode VALUES(2195,2195);
INSERT INTO graphNode VALUES(2196,2196);
INSERT INTO graphNode VALUES(2197,2197);
INSERT INTO graphNode VALUES(2198,2198);
INSERT INTO graphNode VALUES(2199,2199);
INSERT INTO graphNode VALUES(2200,2200);
INSERT INTO graphNode VALUES(2201,2201);
INSERT INTO graphNode VALUES(2202,2202);
INSERT INTO graphNode VALUES(2203,2203);
INSERT INTO graphNode VALUES(2205,2205);
INSERT INTO graphNode VALUES(2206,2206);
INSERT INTO graphNode VALUES(2207,2207);
INSERT INTO graphNode VALUES(2208,2208);
INSERT INTO graphNode VALUES(2209,2209);
INSERT INTO graphNode VALUES(2210,2210);
INSERT INTO graphNode VALUES(2211,2211);
INSERT INTO graphNode VALUES(2212,2212);
INSERT INTO graphNode VALUES(2213,2213);
INSERT INTO graphNode VALUES(2214,2214);
INSERT INTO graphNode VALUES(2215,2215);
INSERT INTO graphNode VALUES(2216,2216);
INSERT INTO graphNode VALUES(2217,2217);
INSERT INTO graphNode VALUES(2218,2218);
INSERT INTO graphNode VALUES(5000,5000);
INSERT INTO graphNode VALUES(5001,5001);
INSERT INTO graphNode VALUES(5002,5002);
INSERT INTO graphNode VALUES(5003,5003);
INSERT INTO graphNode VALUES(5004,5004);
INSERT INTO graphNode VALUES(5005,5005);
INSERT INTO graphNode VALUES(5006,5006);
INSERT INTO graphNode VALUES(5007,5007);
INSERT INTO graphNode VALUES(5008,5008);
INSERT INTO graphNode VALUES(5009,5009);
INSERT INTO graphNode VALUES(5010,5010);
INSERT INTO graphNode VALUES(5011,5011);
INSERT INTO graphNode VALUES(5012,5012);
INSERT INTO graphNode VALUES(5013,5013);
INSERT INTO graphNode VALUES(5014,5014);
INSERT INTO graphNode VALUES(5015,5015);
INSERT INTO graphNode VALUES(5016,5016);
INSERT INTO graphNode VALUES(5017,5017);
INSERT INTO graphNode VALUES(5018,5018);
INSERT INTO graphNode VALUES(5019,5019);
INSERT INTO graphNode VALUES(5020,5020);
INSERT INTO graphNode VALUES(5021,5021);
INSERT INTO graphNode VALUES(5022,5022);
INSERT INTO graphNode VALUES(5023,5023);
INSERT INTO graphNode VALUES(5024,5024);
INSERT INTO graphNode VALUES(5025,5025);
INSERT INTO graphNode VALUES(5026,5026);
INSERT INTO graphNode VALUES(5027,5027);
INSERT INTO graphNode VALUES(5028,5028);
INSERT INTO graphNode VALUES(5029,5029);
INSERT INTO graphNode VALUES(5030,5030);
INSERT INTO graphNode VALUES(5031,5031);
INSERT INTO graphNode VALUES(5032,5032);
INSERT INTO graphNode VALUES(5033,5033);
INSERT INTO graphNode VALUES(5034,5034);
INSERT INTO graphNode VALUES(5035,5035);
INSERT INTO graphNode VALUES(5036,5036);
INSERT INTO graphNode VALUES(5037,5037);
INSERT INTO graphNode VALUES(5038,5038);
INSERT INTO graphNode VALUES(5039,5039);
INSERT INTO graphNode VALUES(5040,5040);
INSERT INTO graphNode VALUES(5041,5041);
INSERT INTO graphNode VALUES(5042,5042);
INSERT INTO graphNode VALUES(5043,5043);
INSERT INTO graphNode VALUES(5044,5044);
INSERT INTO graphNode VALUES(5045,5045);
INSERT INTO graphNode VALUES(5046,5046);
INSERT INTO graphNode VALUES(5047,5047);
INSERT INTO graphNode VALUES(5048,5048);
INSERT INTO graphNode VALUES(5049,5049);
INSERT INTO graphNode VALUES(5050,5050);
INSERT INTO graphNode VALUES(4008,4008);
INSERT INTO graphNode VALUES(4005,4005);
INSERT INTO graphNode VALUES(4006,4006);
INSERT INTO graphNode VALUES(4009,4009);
INSERT INTO graphNode VALUES(4019,4019);
INSERT INTO graphNode VALUES(4021,4021);
INSERT INTO graphNode VALUES(4018,4018);
INSERT INTO graphNode VALUES(4016,4016);
INSERT INTO graphNode VALUES(4026,4026);
INSERT INTO graphNode VALUES(4012,4012);
INSERT INTO graphNode VALUES(4030,4030);
INSERT INTO graphNode VALUES(4032,4032);
INSERT INTO graphNode VALUES(4027,4027);
INSERT INTO graphNode VALUES(4029,4029);
INSERT INTO graphNode VALUES(4013,4013);
INSERT INTO graphNode VALUES(4033,4033);
INSERT INTO graphNode VALUES(4034,4034);
INSERT INTO graphNode VALUES(4000,4000);
INSERT INTO graphNode VALUES(4015,4015);
INSERT INTO graphNode VALUES(4001,4001);
INSERT INTO graphNode VALUES(4024,4024);
INSERT INTO graphNode VALUES(4002,4002);
INSERT INTO graphNode VALUES(4003,4003);
INSERT INTO graphNode VALUES(4004,4004);
INSERT INTO graphNode VALUES(4007,4007);
INSERT INTO graphNode VALUES(4010,4010);
INSERT INTO graphNode VALUES(4011,4011);
INSERT INTO graphNode VALUES(4014,4014);
INSERT INTO graphNode VALUES(4017,4017);
INSERT INTO graphNode VALUES(4020,4020);
INSERT INTO graphNode VALUES(4023,4023);
INSERT INTO graphNode VALUES(4022,4022);
INSERT INTO graphNode VALUES(4025,4025);
INSERT INTO graphNode VALUES(4028,4028);
INSERT INTO graphNode VALUES(4031,4031);
INSERT INTO graphNode VALUES(5051,5051);
INSERT INTO graphNode VALUES(6059,6059);
INSERT INTO graphNode VALUES(6058,6058);
INSERT INTO graphNode VALUES(6062,6062);
INSERT INTO graphNode VALUES(6060,6060);
INSERT INTO graphNode VALUES(6061,6061);
INSERT INTO graphNode VALUES(6056,6056);
INSERT INTO graphNode VALUES(6057,6057);
INSERT INTO graphNode VALUES(6000,6000);
INSERT INTO graphNode VALUES(6002,6002);
INSERT INTO graphNode VALUES(6001,6001);
INSERT INTO graphNode VALUES(6003,6003);
INSERT INTO graphNode VALUES(6006,6006);
INSERT INTO graphNode VALUES(6005,6005);
INSERT INTO graphNode VALUES(6004,6004);
INSERT INTO graphNode VALUES(6009,6009);
INSERT INTO graphNode VALUES(6008,6008);
INSERT INTO graphNode VALUES(6007,6007);
INSERT INTO graphNode VALUES(6010,6010);
INSERT INTO graphNode VALUES(6011,6011);
INSERT INTO graphNode VALUES(6012,6012);
INSERT INTO graphNode VALUES(6013,6013);
INSERT INTO graphNode VALUES(6014,6014);
INSERT INTO graphNode VALUES(6015,6015);
INSERT INTO graphNode VALUES(6016,6016);
INSERT INTO graphNode VALUES(6017,6017);
INSERT INTO graphNode VALUES(6018,6018);
INSERT INTO graphNode VALUES(6019,6019);
INSERT INTO graphNode VALUES(6020,6020);
INSERT INTO graphNode VALUES(6021,6021);
INSERT INTO graphNode VALUES(6022,6022);
INSERT INTO graphNode VALUES(6023,6023);
INSERT INTO graphNode VALUES(60200,60200);
INSERT INTO graphNode VALUES(6024,6024);
INSERT INTO graphNode VALUES(6025,6025);
INSERT INTO graphNode VALUES(6026,6026);
INSERT INTO graphNode VALUES(6029,6029);
INSERT INTO graphNode VALUES(6028,6028);
INSERT INTO graphNode VALUES(6032,6032);
INSERT INTO graphNode VALUES(6033,6033);
INSERT INTO graphNode VALUES(6027,6027);
INSERT INTO graphNode VALUES(6030,6030);
INSERT INTO graphNode VALUES(6031,6031);
INSERT INTO graphNode VALUES(6034,6034);
INSERT INTO graphNode VALUES(6035,6035);
INSERT INTO graphNode VALUES(6036,6036);
INSERT INTO graphNode VALUES(6037,6037);
INSERT INTO graphNode VALUES(6054,6054);
INSERT INTO graphNode VALUES(6055,6055);
INSERT INTO graphNode VALUES(6039,6039);
INSERT INTO graphNode VALUES(6038,6038);
INSERT INTO graphNode VALUES(6042,6042);
INSERT INTO graphNode VALUES(6041,6041);
INSERT INTO graphNode VALUES(6040,6040);
INSERT INTO graphNode VALUES(6044,6044);
INSERT INTO graphNode VALUES(6043,6043);
INSERT INTO graphNode VALUES(6050,6050);
INSERT INTO graphNode VALUES(6047,6047);
INSERT INTO graphNode VALUES(6045,6045);
INSERT INTO graphNode VALUES(6046,6046);
INSERT INTO graphNode VALUES(6048,6048);
INSERT INTO graphNode VALUES(6051,6051);
CREATE TABLE label (_id , name , location_id );
INSERT INTO label VALUES(0,'G02A',0);
INSERT INTO label VALUES(1,'G07',1);
INSERT INTO label VALUES(2,'G12',2);
INSERT INTO label VALUES(3,'G12',3);
INSERT INTO label VALUES(4,'G78',4);
INSERT INTO label VALUES(5,'G83',5);
INSERT INTO label VALUES(13,'G89',13);
INSERT INTO label VALUES(14,'Kristin Gublo',0);
INSERT INTO label VALUES(15,'Mohammad Islam',1);
INSERT INTO label VALUES(16,'James J. Pagano',2);
INSERT INTO label VALUES(17,'Andrew J. Garner',3);
INSERT INTO label VALUES(18,'Richar Back',4);
INSERT INTO label VALUES(19,'C. Eric Hellquist',4);
INSERT INTO label VALUES(20,'Richar Back',4);
INSERT INTO label VALUES(21,'Richar Back - Department',5);
INSERT INTO label VALUES(22,'A. Contento - Department',5);
INSERT INTO label VALUES(23,'R. Graham - Department',5);
INSERT INTO label VALUES(24,'M. McDonald - Department',5);
INSERT INTO label VALUES(25,'M. Shummer - Department',5);
INSERT INTO label VALUES(26,'A. McElwain - Department',5);
INSERT INTO label VALUES(27,'Bike Storage',13);
INSERT INTO label VALUES(28,'bathroom',28);
INSERT INTO label VALUES(29,'elevator',29);
INSERT INTO label VALUES(30,'elevator',30);
INSERT INTO label VALUES(31,'stairways',31);
INSERT INTO label VALUES(32,'bathroom',32);
INSERT INTO label VALUES(33,'elevator',33);
INSERT INTO label VALUES(34,'stairways',34);
INSERT INTO label VALUES(35,'West entrance',1000);
INSERT INTO label VALUES(36,'South Entrance',1001);
INSERT INTO label VALUES(37,'Classroom',1002);
INSERT INTO label VALUES(38,'Classroom',1003);
INSERT INTO label VALUES(39,'Classroom',1004);
INSERT INTO label VALUES(40,'ADWISR Center',1005);
INSERT INTO label VALUES(41,'Elevators - Observation Wing',1006);
INSERT INTO label VALUES(42,'Restrooms',1007);
INSERT INTO label VALUES(43,'WaterFountain',1008);
INSERT INTO label VALUES(44,'Stairs - NorthWest ',1009);
INSERT INTO label VALUES(45,'Classroom',1010);
INSERT INTO label VALUES(46,'Classroom',1011);
INSERT INTO label VALUES(47,'Classroom',1012);
INSERT INTO label VALUES(48,'Classroom',1013);
INSERT INTO label VALUES(49,'Lecture Hall',1014);
INSERT INTO label VALUES(50,'Classroom',1015);
INSERT INTO label VALUES(51,'Classroom',1016);
INSERT INTO label VALUES(52,'Classroom',1017);
INSERT INTO label VALUES(53,'Printers',1018);
INSERT INTO label VALUES(54,'The Nucleus Cafe',1019);
INSERT INTO label VALUES(55,'Lounge',1020);
INSERT INTO label VALUES(56,'Main Stairs',1021);
INSERT INTO label VALUES(57,'Organic Chemistry Lab',1022);
INSERT INTO label VALUES(58,'General Chemistry Lab',1023);
INSERT INTO label VALUES(59,'General Chemistry Lab',1024);
INSERT INTO label VALUES(60,'General Chemistry Lab',1025);
INSERT INTO label VALUES(61,'Lab',1026);
INSERT INTO label VALUES(62,'Fred Scoles',1027);
INSERT INTO label VALUES(63,'Lab',1028);
INSERT INTO label VALUES(64,'SouthWest Stairs',1029);
INSERT INTO label VALUES(65,'Elevator - Suth',1030);
INSERT INTO label VALUES(66,'Water Fountain',1031);
INSERT INTO label VALUES(67,'Restroom',1032);
INSERT INTO label VALUES(68,'Auditorium',1033);
INSERT INTO label VALUES(69,'Classroom',1034);
INSERT INTO label VALUES(70,'Classroom',1035);
INSERT INTO label VALUES(71,'Classroom',1036);
INSERT INTO label VALUES(72,'Entrance - East ',1037);
INSERT INTO label VALUES(73,'Stairs - East ',1038);
INSERT INTO label VALUES(74,'Elevator - North',1039);
INSERT INTO label VALUES(75,'Water Fountain',1040);
INSERT INTO label VALUES(76,196,1002);
INSERT INTO label VALUES(77,194,1003);
INSERT INTO label VALUES(78,192,1004);
INSERT INTO label VALUES(79,190,1005);
INSERT INTO label VALUES(80,183,1010);
INSERT INTO label VALUES(81,185,1011);
INSERT INTO label VALUES(82,178,1012);
INSERT INTO label VALUES(83,176,1013);
INSERT INTO label VALUES(84,175,1014);
INSERT INTO label VALUES(85,174,1015);
INSERT INTO label VALUES(86,172,1016);
INSERT INTO label VALUES(87,170,1017);
INSERT INTO label VALUES(88,101,1022);
INSERT INTO label VALUES(89,103,1023);
INSERT INTO label VALUES(90,104,1024);
INSERT INTO label VALUES(91,106,1025);
INSERT INTO label VALUES(92,108,1026);
INSERT INTO label VALUES(93,115,1027);
INSERT INTO label VALUES(94,112,1028);
INSERT INTO label VALUES(95,122,1033);
INSERT INTO label VALUES(96,130,1034);
INSERT INTO label VALUES(97,132,1035);
INSERT INTO label VALUES(98,150,1036);
INSERT INTO label VALUES(99,'Upper/Lower Level Stairs',2130);
INSERT INTO label VALUES(100,'Lounge',2131);
INSERT INTO label VALUES(101,'Upper/Lower Level Stairs',2136);
INSERT INTO label VALUES(102,'Lounge',2137);
INSERT INTO label VALUES(103,'Stairs - East ',2138);
INSERT INTO label VALUES(104,'Water Fountain',2139);
INSERT INTO label VALUES(105,'Elevator - North',2140);
INSERT INTO label VALUES(106,'Rachel Lee',2141);
INSERT INTO label VALUES(107,'Dave Valentino',2141);
INSERT INTO label VALUES(108,'Graham Bradley',2141);
INSERT INTO label VALUES(109,'Anne Caraley',2141);
INSERT INTO label VALUES(110,'Alok Kumar',2141);
INSERT INTO label VALUES(111,'Lldar Sabirianov',2141);
INSERT INTO label VALUES(112,'Carolina C. Llie',2141);
INSERT INTO label VALUES(113,'Rachel Lee',2141);
INSERT INTO label VALUES(114,'S. Rugg',2141);
INSERT INTO label VALUES(115,'Geology and GeoPhysics Research Lab',2150);
INSERT INTO label VALUES(116,'Lab',2151);
INSERT INTO label VALUES(117,'Diana Boyer',2152);
INSERT INTO label VALUES(118,'Lab',2153);
INSERT INTO label VALUES(119,'Applied Electrostatics Lab',2154);
INSERT INTO label VALUES(120,'Mohammad A Islam',2152);
INSERT INTO label VALUES(121,'Electrical and Computer Engineering Capstone Design Projects',2156);
INSERT INTO label VALUES(122,'Fehmi Damkaci',2152);
INSERT INTO label VALUES(123,'S. Haddadi',2152);
INSERT INTO label VALUES(124,'Casey C. Raymond',2159);
INSERT INTO label VALUES(125,'Christopher Mosbo',2152);
INSERT INTO label VALUES(126,'Maria Sagot',2159);
INSERT INTO label VALUES(127,'Linda Lefevre',2152);
INSERT INTO label VALUES(128,'Jeffery A. Schneider',2159);
INSERT INTO label VALUES(129,'Kate Spector',2152);
INSERT INTO label VALUES(130,'Christopher Chandler',2159);
INSERT INTO label VALUES(131,'Planetarium',2166);
INSERT INTO label VALUES(132,'Elevator - South ',2167);
INSERT INTO label VALUES(133,'Conference Room',2168);
INSERT INTO label VALUES(134,'Main Stairs',2169);
INSERT INTO label VALUES(135,'Restrooms',2170);
INSERT INTO label VALUES(136,'Water Fountain',2171);
INSERT INTO label VALUES(137,'Vadoud Niri',2172);
INSERT INTO label VALUES(138,'David A. Dunn',2172);
INSERT INTO label VALUES(139,'P. Geetha- LOnganathan',2172);
INSERT INTO label VALUES(140,'Physiology Lab',2175);
INSERT INTO label VALUES(141,'Lab Prep Room',2176);
INSERT INTO label VALUES(142,'Kristin Parsons',2177);
INSERT INTO label VALUES(143,'Chemistry Lab',2178);
INSERT INTO label VALUES(144,'Inorganic Chemistry Lab',2179);
INSERT INTO label VALUES(145,'Lab Prep Room',2180);
INSERT INTO label VALUES(146,'Analytical Chemistry Teaching Lab',2181);
INSERT INTO label VALUES(147,'Lab',2182);
INSERT INTO label VALUES(148,'Chemistry Teaching Lab',2183);
INSERT INTO label VALUES(149,'Physical Cehmistry Teaching Lab',2184);
INSERT INTO label VALUES(150,'Lounge',2185);
INSERT INTO label VALUES(151,'Stairs - SouthWest',2186);
INSERT INTO label VALUES(152,'Electrical and Computer Engineering Department',2000);
INSERT INTO label VALUES(153,'Nandini Kar',2188);
INSERT INTO label VALUES(154,'Chemistry Department',2000);
INSERT INTO label VALUES(155,'R. Morse',2188);
INSERT INTO label VALUES(156,'F. Pappalardo',2188);
INSERT INTO label VALUES(157,'Physics Department',2000);
INSERT INTO label VALUES(158,'Lab',2193);
INSERT INTO label VALUES(159,'Zellar',2194);
INSERT INTO label VALUES(160,'Lab',2195);
INSERT INTO label VALUES(161,'Classical Electrodynamics Lab',2196);
INSERT INTO label VALUES(162,'Modern Physics Lab/Computation Physics Lab',2197);
INSERT INTO label VALUES(163,'Computational Astrophysics',2198);
INSERT INTO label VALUES(164,'Tim Leclerc',2199);
INSERT INTO label VALUES(165,'Lab',2200);
INSERT INTO label VALUES(166,'Lounge',2201);
INSERT INTO label VALUES(167,'Elevator - Observation Wing',2202);
INSERT INTO label VALUES(168,'Restroom',2203);
INSERT INTO label VALUES(169,'WaterFountain',2203);
INSERT INTO label VALUES(170,'Stairs - NorthWest ',2205);
INSERT INTO label VALUES(171,'Lounge (Obs/Inno split)',2208);
INSERT INTO label VALUES(172,266,2141);
INSERT INTO label VALUES(173,264,2141);
INSERT INTO label VALUES(174,260,2141);
INSERT INTO label VALUES(175,258,2141);
INSERT INTO label VALUES(176,256,2141);
INSERT INTO label VALUES(177,255,2141);
INSERT INTO label VALUES(178,254,2141);
INSERT INTO label VALUES(179,252,2141);
INSERT INTO label VALUES(180,250,2141);
INSERT INTO label VALUES(181,244,2150);
INSERT INTO label VALUES(182,242,2151);
INSERT INTO label VALUES(183,241,2152);
INSERT INTO label VALUES(184,240,2153);
INSERT INTO label VALUES(185,238,2154);
INSERT INTO label VALUES(186,237,2152);
INSERT INTO label VALUES(187,236,2156);
INSERT INTO label VALUES(188,235,2152);
INSERT INTO label VALUES(189,233,2152);
INSERT INTO label VALUES(190,232,2159);
INSERT INTO label VALUES(191,231,2152);
INSERT INTO label VALUES(192,230,2159);
INSERT INTO label VALUES(193,229,2152);
INSERT INTO label VALUES(194,228,2159);
INSERT INTO label VALUES(195,227,2152);
INSERT INTO label VALUES(196,226,2159);
INSERT INTO label VALUES(197,225,2168);
INSERT INTO label VALUES(198,224,2172);
INSERT INTO label VALUES(199,222,2172);
INSERT INTO label VALUES(200,220,2172);
INSERT INTO label VALUES(201,212,2175);
INSERT INTO label VALUES(202,210,2176);
INSERT INTO label VALUES(203,209,2177);
INSERT INTO label VALUES(204,208,2178);
INSERT INTO label VALUES(205,207,2179);
INSERT INTO label VALUES(206,206,2180);
INSERT INTO label VALUES(207,205,2181);
INSERT INTO label VALUES(208,204,2182);
INSERT INTO label VALUES(209,203,2183);
INSERT INTO label VALUES(210,201,2184);
INSERT INTO label VALUES(211,298,2000);
INSERT INTO label VALUES(212,297,2188);
INSERT INTO label VALUES(213,296,2000);
INSERT INTO label VALUES(214,295,2188);
INSERT INTO label VALUES(215,295,2188);
INSERT INTO label VALUES(216,294,2000);
INSERT INTO label VALUES(217,285,2193);
INSERT INTO label VALUES(218,283,2194);
INSERT INTO label VALUES(219,282,2195);
INSERT INTO label VALUES(220,278,2196);
INSERT INTO label VALUES(221,276,2197);
INSERT INTO label VALUES(222,273,2198);
INSERT INTO label VALUES(223,271,2199);
INSERT INTO label VALUES(224,270,2200);
INSERT INTO label VALUES(225,'Lounge',5000);
INSERT INTO label VALUES(226,'North Stairs',5001);
INSERT INTO label VALUES(227,'WaterFountain',5002);
INSERT INTO label VALUES(228,'North Elevator',5003);
INSERT INTO label VALUES(229,'Scott Steiger',5004);
INSERT INTO label VALUES(230,'Terry Tiballi',5004);
INSERT INTO label VALUES(231,'Kestutis Bendinskas',5005);
INSERT INTO label VALUES(232,'Mark Barker',5006);
INSERT INTO label VALUES(233,'Lily H Soltani-Amadi',5005);
INSERT INTO label VALUES(234,'Maggie Tiballi',5005);
INSERT INTO label VALUES(235,'Elizabeth Wilcox',5006);
INSERT INTO label VALUES(236,'Mitch Phillipson',5005);
INSERT INTO label VALUES(237,'Debrah Appleman',5006);
INSERT INTO label VALUES(238,'A.Nanthakumar',5005);
INSERT INTO label VALUES(239,'Mark Elmer',5005);
INSERT INTO label VALUES(240,'Biology Lab',5007);
INSERT INTO label VALUES(241,'Mammalian Culture Lab',5008);
INSERT INTO label VALUES(242,'Molecular Biolgy Lab',5009);
INSERT INTO label VALUES(243,'Molecular Biolgy Lab',5010);
INSERT INTO label VALUES(244,'Steve Skubis',5011);
INSERT INTO label VALUES(245,'Micheal Veres',5011);
INSERT INTO label VALUES(246,'Alfred Stamm',5011);
INSERT INTO label VALUES(247,'Lab',5012);
INSERT INTO label VALUES(248,'Peter Newell',5011);
INSERT INTO label VALUES(249,'Nin Dingra',5011);
INSERT INTO label VALUES(250,'Chris Chandler',5013);
INSERT INTO label VALUES(251,'Jenifer Cruikshank',5013);
INSERT INTO label VALUES(252,'Poogodi Geetha - Loganathan',5013);
INSERT INTO label VALUES(253,'Jim MacKenzie',5013);
INSERT INTO label VALUES(254,'Peter Newell',5013);
INSERT INTO label VALUES(255,'Sofia Windstam',5013);
INSERT INTO label VALUES(256,'Sofia Windstam',5011);
INSERT INTO label VALUES(257,'Webe C. Kadima',5011);
INSERT INTO label VALUES(258,'Julien Bachelier',5011);
INSERT INTO label VALUES(259,'Jim MacKenzie',5014);
INSERT INTO label VALUES(260,'Jenifer Cruickshank',5014);
INSERT INTO label VALUES(261,'Jen Olori',5014);
INSERT INTO label VALUES(262,'Karen R. Sime',5014);
INSERT INTO label VALUES(263,'Conference Room',5015);
INSERT INTO label VALUES(264,'C. Eric Hellquist',5014);
INSERT INTO label VALUES(265,'K. Mohamed',5014);
INSERT INTO label VALUES(266,'Paul Tomascak',5014);
INSERT INTO label VALUES(267,'Shared Instrument Facility',5016);
INSERT INTO label VALUES(268,'BioChemistry Teaching Lab',5017);
INSERT INTO label VALUES(269,'Main Stairs',5018);
INSERT INTO label VALUES(270,'Water Fountain',5019);
INSERT INTO label VALUES(271,'RestRooms',5020);
INSERT INTO label VALUES(272,'Lounge',5021);
INSERT INTO label VALUES(273,'Main Elevator',5022);
INSERT INTO label VALUES(274,'Karen R. Sime',5023);
INSERT INTO label VALUES(275,'David Dunn',5024);
INSERT INTO label VALUES(276,'Jen Olori',5024);
INSERT INTO label VALUES(277,'Julien Bachelier',5025);
INSERT INTO label VALUES(278,'Kamal Mohamed',5025);
INSERT INTO label VALUES(279,'Lab Prep Room',5026);
INSERT INTO label VALUES(280,'Zoology Lab',5026);
INSERT INTO label VALUES(281,'Biology Lab',5027);
INSERT INTO label VALUES(282,'Biology Lab',5028);
INSERT INTO label VALUES(283,'West Stairs',5029);
INSERT INTO label VALUES(284,'Lounge',5030);
INSERT INTO label VALUES(285,'Lounge',4008);
INSERT INTO label VALUES(286,'Mathematics Department',4005);
INSERT INTO label VALUES(287,'Lisa Brancato',4006);
INSERT INTO label VALUES(288,'Computer Science Department',4005);
INSERT INTO label VALUES(289,'Ioana Coman',4006);
INSERT INTO label VALUES(290,'Department of Atmosphere and Geological Sciences',4005);
INSERT INTO label VALUES(291,'Ahmad Alzaghal',4006);
INSERT INTO label VALUES(292,'Biological Sciences Department',4005);
INSERT INTO label VALUES(293,'Gregory Schneider',4006);
INSERT INTO label VALUES(294,'Meterology Broadcasting Station',4009);
INSERT INTO label VALUES(295,'Instrumental Astronomy and Meterology Lab',4019);
INSERT INTO label VALUES(296,'Forecasting Project Room',4021);
INSERT INTO label VALUES(297,'Forecasting Laboratory',4018);
INSERT INTO label VALUES(298,'Meterology Computer Lab',4016);
INSERT INTO label VALUES(299,'GIS Lab',4026);
INSERT INTO label VALUES(300,'Earth Sciences',4012);
INSERT INTO label VALUES(301,'Microscopy Lab',4030);
INSERT INTO label VALUES(302,'Math Student Commons',4032);
INSERT INTO label VALUES(303,'Geolog Teaching Lab',4027);
INSERT INTO label VALUES(304,'Geology Teaching Lab',4029);
INSERT INTO label VALUES(305,'Restroom',4013);
INSERT INTO label VALUES(306,'East Elevator',4033);
INSERT INTO label VALUES(307,'WaterFountain',4034);
INSERT INTO label VALUES(308,'Main Elevator',4000);
INSERT INTO label VALUES(309,'West Elevator',4015);
INSERT INTO label VALUES(310,'Main Stairs',4001);
INSERT INTO label VALUES(311,'West Stairs',4024);
INSERT INTO label VALUES(312,'Lounge',4002);
INSERT INTO label VALUES(313,'3L Stairs',5051);
INSERT INTO label VALUES(314,'Lounge',4023);
INSERT INTO label VALUES(315,366,5004);
INSERT INTO label VALUES(316,364,5004);
INSERT INTO label VALUES(317,360,5005);
INSERT INTO label VALUES(318,358,5006);
INSERT INTO label VALUES(319,356,5005);
INSERT INTO label VALUES(320,356,5005);
INSERT INTO label VALUES(321,355,5006);
INSERT INTO label VALUES(322,354,5005);
INSERT INTO label VALUES(323,353,5006);
INSERT INTO label VALUES(324,352,5005);
INSERT INTO label VALUES(325,350,5005);
INSERT INTO label VALUES(326,348,5007);
INSERT INTO label VALUES(327,346,5008);
INSERT INTO label VALUES(328,344,5009);
INSERT INTO label VALUES(329,342,5010);
INSERT INTO label VALUES(330,341,5011);
INSERT INTO label VALUES(331,339,5011);
INSERT INTO label VALUES(332,337,5011);
INSERT INTO label VALUES(333,336,5012);
INSERT INTO label VALUES(334,335,5011);
INSERT INTO label VALUES(335,333,5011);
INSERT INTO label VALUES(336,338,5013);
INSERT INTO label VALUES(337,338,5013);
INSERT INTO label VALUES(338,338,5013);
INSERT INTO label VALUES(339,338,5013);
INSERT INTO label VALUES(340,338,5013);
INSERT INTO label VALUES(341,338,5013);
INSERT INTO label VALUES(342,331,5011);
INSERT INTO label VALUES(343,329,5011);
INSERT INTO label VALUES(344,327,5011);
INSERT INTO label VALUES(345,332,5014);
INSERT INTO label VALUES(346,330,5014);
INSERT INTO label VALUES(347,328,5014);
INSERT INTO label VALUES(348,326,5014);
INSERT INTO label VALUES(349,325,5015);
INSERT INTO label VALUES(350,324,5014);
INSERT INTO label VALUES(351,322,5014);
INSERT INTO label VALUES(352,320,5014);
INSERT INTO label VALUES(353,312,5016);
INSERT INTO label VALUES(354,314,5017);
INSERT INTO label VALUES(355,309,5023);
INSERT INTO label VALUES(356,310,5024);
INSERT INTO label VALUES(357,310,5024);
INSERT INTO label VALUES(358,308,5025);
INSERT INTO label VALUES(359,308,5025);
INSERT INTO label VALUES(360,307,5026);
INSERT INTO label VALUES(361,305,5026);
INSERT INTO label VALUES(362,304,5027);
INSERT INTO label VALUES(363,301,5028);
INSERT INTO label VALUES(364,398,4005);
INSERT INTO label VALUES(365,397,4006);
INSERT INTO label VALUES(366,396,4005);
INSERT INTO label VALUES(367,395,4006);
INSERT INTO label VALUES(368,394,4005);
INSERT INTO label VALUES(369,393,4006);
INSERT INTO label VALUES(370,392,4005);
INSERT INTO label VALUES(371,391,4006);
INSERT INTO label VALUES(372,390,4009);
INSERT INTO label VALUES(373,383,4019);
INSERT INTO label VALUES(374,382,4021);
INSERT INTO label VALUES(375,380,4018);
INSERT INTO label VALUES(376,378,4016);
INSERT INTO label VALUES(377,377,4026);
INSERT INTO label VALUES(378,376,4012);
INSERT INTO label VALUES(379,375,4030);
INSERT INTO label VALUES(380,373,4032);
INSERT INTO label VALUES(381,372,4027);
INSERT INTO label VALUES(382,370,4029);
INSERT INTO label VALUES(383,'Greenhouse',6059);
INSERT INTO label VALUES(384,'Meteorology Platform',6062);
INSERT INTO label VALUES(385,'OW Stairs',6060);
INSERT INTO label VALUES(386,'OW Elevator',6056);
INSERT INTO label VALUES(387,'Metereology Deck one',6000);
INSERT INTO label VALUES(388,'IW Stairs',6001);
INSERT INTO label VALUES(389,'Weather Observatory',6003);
INSERT INTO label VALUES(390,'Environmental Research Studio',6006);
INSERT INTO label VALUES(391,'Circuits/Electronics Studio',6004);
INSERT INTO label VALUES(392,'Environmental Research Center',6009);
INSERT INTO label VALUES(393,'Digital Design Studio',6007);
INSERT INTO label VALUES(394,'Communications and Control Studio',6010);
INSERT INTO label VALUES(395,'Lounge',6013);
INSERT INTO label VALUES(396,'Lounge',6013);
INSERT INTO label VALUES(397,'IW Elevator',6015);
INSERT INTO label VALUES(398,'Robotoics Lab',6016);
INSERT INTO label VALUES(399,'Water Fountain (Outside restroom)',6018);
INSERT INTO label VALUES(400,'IW Restroom',6020);
INSERT INTO label VALUES(401,'Lounge Area',6022);
INSERT INTO label VALUES(402,'Lounge Area',6022);
INSERT INTO label VALUES(403,'IW Stairs',6023);
INSERT INTO label VALUES(404,'Peter Rosenbaum',60200);
INSERT INTO label VALUES(405,'Jolanda Tromp',60200);
INSERT INTO label VALUES(406,'David Vampola',60200);
INSERT INTO label VALUES(407,'Mario Bkassiny',60200);
INSERT INTO label VALUES(408,'Marianne Hromalik',60200);
INSERT INTO label VALUES(409,'Adrian Ieta',60200);
INSERT INTO label VALUES(410,'Pat Parimi',60200);
INSERT INTO label VALUES(411,'Lounge',6026);
INSERT INTO label VALUES(412,'Conference Room',6029);
INSERT INTO label VALUES(413,'Bastian Tenbergen',6032);
INSERT INTO label VALUES(414,'Damian Schofeld',6032);
INSERT INTO label VALUES(415,'Randolph Odendahl',6032);
INSERT INTO label VALUES(416,'Craig Graci',6032);
INSERT INTO label VALUES(417,'Elaine Wenderholm',6032);
INSERT INTO label VALUES(418,'Doug Lea',6032);
INSERT INTO label VALUES(419,'James Early',6032);
INSERT INTO label VALUES(420,'Alex Pantaleev',6032);
INSERT INTO label VALUES(421,'Computer Lab/Classroom',6027);
INSERT INTO label VALUES(422,'Computer Science Department Student Lounge',6031);
INSERT INTO label VALUES(423,'Classroom',6034);
INSERT INTO label VALUES(424,'HCI Research Lab',6036);
INSERT INTO label VALUES(425,'Computer Lab/Classroom',6054);
INSERT INTO label VALUES(426,'IW Elevator',6039);
INSERT INTO label VALUES(427,'IW Stairs',6042);
INSERT INTO label VALUES(428,'Water Fountain (Outside stairs)',6041);
INSERT INTO label VALUES(429,'Water Fountain (Outside stairs)',6041);
INSERT INTO label VALUES(430,'Magdalena Mosbo',6044);
INSERT INTO label VALUES(431,'Bonita Graham',6050);
INSERT INTO label VALUES(432,'Meteorology Deck two',6046);
INSERT INTO label VALUES(433,'Christopher Baltus',6048);
INSERT INTO label VALUES(434,'Pat Halpin',6048);
INSERT INTO label VALUES(435,'Zohra Manseur',6048);
INSERT INTO label VALUES(436,'Preety Tripathi',6048);
INSERT INTO label VALUES(437,'Lounge',6051);
INSERT INTO label VALUES(438,401,6003);
INSERT INTO label VALUES(439,403,6006);
INSERT INTO label VALUES(440,404,6004);
INSERT INTO label VALUES(441,405,6009);
INSERT INTO label VALUES(442,406,6007);
INSERT INTO label VALUES(443,408,6010);
INSERT INTO label VALUES(444,410,6016);
INSERT INTO label VALUES(445,420,60200);
INSERT INTO label VALUES(446,422,60200);
INSERT INTO label VALUES(447,424,60200);
INSERT INTO label VALUES(448,426,60200);
INSERT INTO label VALUES(449,428,60200);
INSERT INTO label VALUES(450,430,60200);
INSERT INTO label VALUES(451,432,60200);
INSERT INTO label VALUES(452,425,6029);
INSERT INTO label VALUES(453,427,6032);
INSERT INTO label VALUES(454,429,6032);
INSERT INTO label VALUES(455,431,6032);
INSERT INTO label VALUES(456,433,6032);
INSERT INTO label VALUES(457,435,6032);
INSERT INTO label VALUES(458,437,6032);
INSERT INTO label VALUES(459,439,6032);
INSERT INTO label VALUES(460,441,6032);
INSERT INTO label VALUES(461,436,6027);
INSERT INTO label VALUES(462,442,6031);
INSERT INTO label VALUES(463,444,6034);
INSERT INTO label VALUES(464,446,6036);
INSERT INTO label VALUES(465,448,6054);
INSERT INTO label VALUES(466,466,6044);
INSERT INTO label VALUES(467,450,6050);
INSERT INTO label VALUES(468,452,6048);
INSERT INTO label VALUES(469,456,6048);
INSERT INTO label VALUES(470,458,6048);
CREATE TABLE location (_id, latitude, longitude, type, floor_id);
INSERT INTO location VALUES(0,46,83,0,0);
INSERT INTO location VALUES(1,86,121,0,0);
INSERT INTO location VALUES(2,45,167,0,0);
INSERT INTO location VALUES(3,45,167,0,0);
INSERT INTO location VALUES(4,274,211,0,1);
INSERT INTO location VALUES(5,255,161,0,1);
INSERT INTO location VALUES(13,275,128,0,1);
INSERT INTO location VALUES(14,67,81,0,1);
INSERT INTO location VALUES(15,68,121,0,1);
INSERT INTO location VALUES(16,70,163,0,1);
INSERT INTO location VALUES(17,69,190,0,1);
INSERT INTO location VALUES(18,85,191,4,1);
INSERT INTO location VALUES(19,70,205,0,1);
INSERT INTO location VALUES(20,101,205,0,1);
INSERT INTO location VALUES(21,100,226,0,1);
INSERT INTO location VALUES(22,111,226,0,1);
INSERT INTO location VALUES(23,230,277,0,1);
INSERT INTO location VALUES(24,217,310,0,1);
INSERT INTO location VALUES(25,206,307,1,1);
INSERT INTO location VALUES(26,258,205,0,1);
INSERT INTO location VALUES(27,273,169,0,1);
INSERT INTO location VALUES(28,287,134,0,1);
INSERT INTO location VALUES(29,96,161,0,1);
INSERT INTO location VALUES(30,96,172,1,1);
INSERT INTO location VALUES(31,263,190,0,1);
INSERT INTO location VALUES(32,255,188,1,1);
INSERT INTO location VALUES(33,292,124,0,1);
INSERT INTO location VALUES(34,278,119,2,1);
INSERT INTO location VALUES(35,241,200,4,1);
INSERT INTO location VALUES(36,97,172,1,1);
INSERT INTO location VALUES(37,66,60,0,1);
INSERT INTO location VALUES(38,50,60,2,1);
INSERT INTO location VALUES(1000,117,80,3,8);
INSERT INTO location VALUES(1001,44,223,3,8);
INSERT INTO location VALUES(1002,134,162,0,8);
INSERT INTO location VALUES(1003,159,167,0,8);
INSERT INTO location VALUES(1004,179,174,0,8);
INSERT INTO location VALUES(1005,207,188,0,8);
INSERT INTO location VALUES(1006,256,188,1,8);
INSERT INTO location VALUES(1007,245,201,4,8);
INSERT INTO location VALUES(1008,254,210,6,8);
INSERT INTO location VALUES(1009,279,119,2,8);
INSERT INTO location VALUES(1010,258,161,0,8);
INSERT INTO location VALUES(1011,268,137,0,8);
INSERT INTO location VALUES(1012,299,149,0,8);
INSERT INTO location VALUES(1013,289,175,0,8);
INSERT INTO location VALUES(1014,226,236,0,8);
INSERT INTO location VALUES(1015,277,207,0,8);
INSERT INTO location VALUES(1016,260,247,0,8);
INSERT INTO location VALUES(1017,242,284,0,8);
INSERT INTO location VALUES(1018,93,207,0,8);
INSERT INTO location VALUES(1019,131,235,0,8);
INSERT INTO location VALUES(1020,304,130,5,8);
INSERT INTO location VALUES(1021,98,212,2,9);
INSERT INTO location VALUES(1022,83,78,0,9);
INSERT INTO location VALUES(1023,84,123,0,9);
INSERT INTO location VALUES(1024,46,84,0,9);
INSERT INTO location VALUES(1025,47,124,0,9);
INSERT INTO location VALUES(1026,47,156,0,9);
INSERT INTO location VALUES(1027,74,217,0,9);
INSERT INTO location VALUES(1028,47,187,0,9);
INSERT INTO location VALUES(1029,48,59,2,9);
INSERT INTO location VALUES(1030,95,174,1,9);
INSERT INTO location VALUES(1031,71,184,6,9);
INSERT INTO location VALUES(1032,84,190,4,9);
INSERT INTO location VALUES(1033,73,264,0,9);
INSERT INTO location VALUES(1034,113,290,0,9);
INSERT INTO location VALUES(1035,132,300,0,9);
INSERT INTO location VALUES(1036,193,323,0,9);
INSERT INTO location VALUES(1037,153,332,3,9);
INSERT INTO location VALUES(1038,201,338,2,9);
INSERT INTO location VALUES(1039,206,306,1,9);
INSERT INTO location VALUES(1040,213,326,6,9);
INSERT INTO location VALUES(1041,170,300,0,9);
INSERT INTO location VALUES(1042,201,313,0,9);
INSERT INTO location VALUES(1043,211,318,0,9);
INSERT INTO location VALUES(1044,229,277,0,9);
INSERT INTO location VALUES(1045,243,243,0,9);
INSERT INTO location VALUES(1046,250,225,0,9);
INSERT INTO location VALUES(1047,235,219,0,9);
INSERT INTO location VALUES(1048,258,207,0,9);
INSERT INTO location VALUES(1049,264,193,0,9);
INSERT INTO location VALUES(1050,273,171,0,9);
INSERT INTO location VALUES(1051,283,144,0,9);
INSERT INTO location VALUES(1052,291,124,0,9);
INSERT INTO location VALUES(1053,200,205,0,9);
INSERT INTO location VALUES(1054,172,192,0,9);
INSERT INTO location VALUES(1055,152,182,0,9);
INSERT INTO location VALUES(1056,132,174,0,9);
INSERT INTO location VALUES(1057,111,163,0,9);
INSERT INTO location VALUES(1058,89,163,0,9);
INSERT INTO location VALUES(1059,87,174,0,9);
INSERT INTO location VALUES(1060,66,162,0,9);
INSERT INTO location VALUES(1061,66,155,0,9);
INSERT INTO location VALUES(1062,66,124,0,9);
INSERT INTO location VALUES(1063,66,82,0,9);
INSERT INTO location VALUES(1064,67,59,0,9);
INSERT INTO location VALUES(1065,66,223,0,9);
INSERT INTO location VALUES(1066,98,228,0,9);
INSERT INTO location VALUES(1067,132,265,0,9);
INSERT INTO location VALUES(1068,128,278,0,9);
INSERT INTO location VALUES(1069,173,248,0,9);
INSERT INTO location VALUES(1070,162,221,0,9);
INSERT INTO location VALUES(1071,124,202,0,9);
INSERT INTO location VALUES(1072,66,191,0,9);
INSERT INTO location VALUES(2109,65,59,0,3);
INSERT INTO location VALUES(2110,65,49,0,3);
INSERT INTO location VALUES(2111,66,164,0,3);
INSERT INTO location VALUES(2112,84,162,0,3);
INSERT INTO location VALUES(2113,65,146,0,3);
INSERT INTO location VALUES(2114,66,127,0,3);
INSERT INTO location VALUES(2115,65,109,0,3);
INSERT INTO location VALUES(2116,65,245,0,3);
INSERT INTO location VALUES(2117,68,229,0,3);
INSERT INTO location VALUES(2118,65,259,0,3);
INSERT INTO location VALUES(2119,191,308,0,3);
INSERT INTO location VALUES(2120,164,298,0,3);
INSERT INTO location VALUES(2121,140,289,0,3);
INSERT INTO location VALUES(2122,120,281,0,3);
INSERT INTO location VALUES(2123,93,268,0,3);
INSERT INTO location VALUES(2124,98,230,0,3);
INSERT INTO location VALUES(2125,65,191,0,3);
INSERT INTO location VALUES(2126,66,175,0,3);
INSERT INTO location VALUES(2127,66,97,0,3);
INSERT INTO location VALUES(2128,66,85,0,3);
INSERT INTO location VALUES(2129,66,75,0,3);
INSERT INTO location VALUES(2130,98,162,2,3);
INSERT INTO location VALUES(2131,68,273,5,3);
INSERT INTO location VALUES(2132,230,324,0,3);
INSERT INTO location VALUES(2133,221,321,0,3);
INSERT INTO location VALUES(2134,210,319,0,3);
INSERT INTO location VALUES(2135,204,314,0,3);
INSERT INTO location VALUES(2136,226,313,2,3);
INSERT INTO location VALUES(2137,250,334,5,3);
INSERT INTO location VALUES(2138,209,334,2,3);
INSERT INTO location VALUES(2139,209,334,6,3);
INSERT INTO location VALUES(2140,205,304,1,3);
INSERT INTO location VALUES(2141,229,335,0,3);
INSERT INTO location VALUES(2150,182,326,0,3);
INSERT INTO location VALUES(2151,156,315,0,3);
INSERT INTO location VALUES(2152,143,280,0,3);
INSERT INTO location VALUES(2153,132,305,0,3);
INSERT INTO location VALUES(2154,111,294,0,3);
INSERT INTO location VALUES(2156,87,287,0,3);
INSERT INTO location VALUES(2159,52,253,0,3);
INSERT INTO location VALUES(2166,132,235,0,3);
INSERT INTO location VALUES(2167,96,174,1,3);
INSERT INTO location VALUES(2168,87,251,0,3);
INSERT INTO location VALUES(2169,99,215,2,3);
INSERT INTO location VALUES(2170,86,190,4,3);
INSERT INTO location VALUES(2171,75,174,6,3);
INSERT INTO location VALUES(2172,52,253,0,3);
INSERT INTO location VALUES(2175,47,187,0,3);
INSERT INTO location VALUES(2176,47,161,0,3);
INSERT INTO location VALUES(2177,86,143,0,3);
INSERT INTO location VALUES(2178,47,135,0,3);
INSERT INTO location VALUES(2179,86,124,0,3);
INSERT INTO location VALUES(2180,47,108,0,3);
INSERT INTO location VALUES(2181,86,101,0,3);
INSERT INTO location VALUES(2182,47,86,0,3);
INSERT INTO location VALUES(2183,86,75,0,3);
INSERT INTO location VALUES(2184,86,48,0,3);
INSERT INTO location VALUES(2185,62,45,5,3);
INSERT INTO location VALUES(2186,45,60,2,3);
INSERT INTO location VALUES(2000,156,162,0,2);
INSERT INTO location VALUES(2188,207,187,0,2);
INSERT INTO location VALUES(2193,267,140,0,2);
INSERT INTO location VALUES(2194,254,165,0,2);
INSERT INTO location VALUES(2195,298,153,0,2);
INSERT INTO location VALUES(2196,276,208,0,2);
INSERT INTO location VALUES(2197,260,241,0,2);
INSERT INTO location VALUES(2198,212,273,0,2);
INSERT INTO location VALUES(2199,199,285,0,2);
INSERT INTO location VALUES(2200,236,296,0,2);
INSERT INTO location VALUES(2201,307,128,5,2);
INSERT INTO location VALUES(2202,257,183,1,2);
INSERT INTO location VALUES(2203,244,199,4,2);
INSERT INTO location VALUES(2203,244,199,6,2);
INSERT INTO location VALUES(2205,278,117,2,2);
INSERT INTO location VALUES(2206,292,124,0,2);
INSERT INTO location VALUES(2207,282,146,0,2);
INSERT INTO location VALUES(2208,117,146,5,2);
INSERT INTO location VALUES(2209,264,190,0,2);
INSERT INTO location VALUES(2210,259,203,0,2);
INSERT INTO location VALUES(2211,249,224,0,2);
INSERT INTO location VALUES(2212,199,206,0,2);
INSERT INTO location VALUES(2213,149,182,0,2);
INSERT INTO location VALUES(2214,245,236,0,2);
INSERT INTO location VALUES(2215,220,291,0,2);
INSERT INTO location VALUES(2216,115,165,0,2);
INSERT INTO location VALUES(2217,270,173,0,2);
INSERT INTO location VALUES(2218,217,294,0,2);
INSERT INTO location VALUES(5000,253,333,5,5);
INSERT INTO location VALUES(5001,202,337,2,5);
INSERT INTO location VALUES(5002,209,338,6,5);
INSERT INTO location VALUES(5003,205,305,1,5);
INSERT INTO location VALUES(5004,252,325,0,5);
INSERT INTO location VALUES(5005,236,358,0,5);
INSERT INTO location VALUES(5006,230,336,0,5);
INSERT INTO location VALUES(5007,190,329,0,5);
INSERT INTO location VALUES(5008,176,323,0,5);
INSERT INTO location VALUES(5009,160,318,0,5);
INSERT INTO location VALUES(5010,146,311,0,5);
INSERT INTO location VALUES(5011,142,279,0,5);
INSERT INTO location VALUES(5012,82,284,0,5);
INSERT INTO location VALUES(5013,111,297,0,5);
INSERT INTO location VALUES(5014,52,251,0,5);
INSERT INTO location VALUES(5015,88,250,0,5);
INSERT INTO location VALUES(5016,46,157,0,5);
INSERT INTO location VALUES(5017,46,195,0,5);
INSERT INTO location VALUES(5018,97,220,2,5);
INSERT INTO location VALUES(5019,76,177,6,5);
INSERT INTO location VALUES(5020,84,191,4,5);
INSERT INTO location VALUES(5021,66,275,5,5);
INSERT INTO location VALUES(5022,96,175,1,5);
INSERT INTO location VALUES(5023,84,141,0,5);
INSERT INTO location VALUES(5024,46,127,0,5);
INSERT INTO location VALUES(5025,46,109,0,5);
INSERT INTO location VALUES(5026,84,128,0,5);
INSERT INTO location VALUES(5026,84,102,0,5);
INSERT INTO location VALUES(5027,46,74,0,5);
INSERT INTO location VALUES(5028,84,55,0,5);
INSERT INTO location VALUES(5029,46,59,2,5);
INSERT INTO location VALUES(5030,62,42,5,5);
INSERT INTO location VALUES(5031,66,60,0,5);
INSERT INTO location VALUES(5032,66,77,0,5);
INSERT INTO location VALUES(5033,66,93,0,5);
INSERT INTO location VALUES(5034,66,127,0,5);
INSERT INTO location VALUES(5035,66,140,0,5);
INSERT INTO location VALUES(5036,66,161,0,5);
INSERT INTO location VALUES(5037,66,191,0,5);
INSERT INTO location VALUES(5038,66,231,0,5);
INSERT INTO location VALUES(5039,66,260,0,5);
INSERT INTO location VALUES(5040,89,268,0,5);
INSERT INTO location VALUES(5041,116,279,0,5);
INSERT INTO location VALUES(5042,142,291,0,5);
INSERT INTO location VALUES(5043,153,294,0,5);
INSERT INTO location VALUES(5044,168,300,0,5);
INSERT INTO location VALUES(5045,183,308,0,5);
INSERT INTO location VALUES(5046,202,315,0,5);
INSERT INTO location VALUES(5047,217,321,0,5);
INSERT INTO location VALUES(5048,246,332,0,5);
INSERT INTO location VALUES(5049,238,351,0,5);
INSERT INTO location VALUES(5050,214,339,0,5);
INSERT INTO location VALUES(4008,202,210,5,4);
INSERT INTO location VALUES(4005,166,170,0,4);
INSERT INTO location VALUES(4006,150,191,0,4);
INSERT INTO location VALUES(4009,220,197,0,4);
INSERT INTO location VALUES(4019,260,158,0,4);
INSERT INTO location VALUES(4021,300,145,0,4);
INSERT INTO location VALUES(4018,289,171,0,4);
INSERT INTO location VALUES(4016,280,194,0,4);
INSERT INTO location VALUES(4026,227,235,0,4);
INSERT INTO location VALUES(4012,277,208,0,4);
INSERT INTO location VALUES(4030,219,258,0,4);
INSERT INTO location VALUES(4032,214,282,0,4);
INSERT INTO location VALUES(4027,258,247,0,4);
INSERT INTO location VALUES(4029,247,272,0,4);
INSERT INTO location VALUES(4013,250,196,4,4);
INSERT INTO location VALUES(4033,206,305,1,4);
INSERT INTO location VALUES(4034,256,198,6,4);
INSERT INTO location VALUES(4000,99,174,1,4);
INSERT INTO location VALUES(4015,256,185,1,4);
INSERT INTO location VALUES(4001,99,162,2,4);
INSERT INTO location VALUES(4024,279,119,2,4);
INSERT INTO location VALUES(4002,117,146,5,4);
INSERT INTO location VALUES(4003,114,168,0,4);
INSERT INTO location VALUES(4004,156,185,0,4);
INSERT INTO location VALUES(4007,214,210,0,4);
INSERT INTO location VALUES(4010,250,225,0,4);
INSERT INTO location VALUES(4011,259,201,0,4);
INSERT INTO location VALUES(4014,264,189,0,4);
INSERT INTO location VALUES(4017,275,165,0,4);
INSERT INTO location VALUES(4020,286,136,0,4);
INSERT INTO location VALUES(4023,304,129,5,4);
INSERT INTO location VALUES(4022,291,125,0,4);
INSERT INTO location VALUES(4025,242,242,0,4);
INSERT INTO location VALUES(4028,233,266,0,4);
INSERT INTO location VALUES(4031,223,290,0,4);
INSERT INTO location VALUES(5051,97,162,2,5);
INSERT INTO location VALUES(6059,268,145,0,7);
INSERT INTO location VALUES(6058,285,153,0,7);
INSERT INTO location VALUES(6062,300,157,0,7);
INSERT INTO location VALUES(6060,279,118,2,7);
INSERT INTO location VALUES(6061,294,125,0,7);
INSERT INTO location VALUES(6056,254,118,1,7);
INSERT INTO location VALUES(6057,266,194,0,7);
INSERT INTO location VALUES(6000,82,41,0,6);
INSERT INTO location VALUES(6002,67,56,0,6);
INSERT INTO location VALUES(6001,47,58,2,6);
INSERT INTO location VALUES(6003,86,62,0,6);
INSERT INTO location VALUES(6006,86,83,0,6);
INSERT INTO location VALUES(6005,67,80,0,6);
INSERT INTO location VALUES(6004,46,79,0,6);
INSERT INTO location VALUES(6009,85,120,0,6);
INSERT INTO location VALUES(6008,67,112,0,6);
INSERT INTO location VALUES(6007,46,111,0,6);
INSERT INTO location VALUES(6010,47,141,0,6);
INSERT INTO location VALUES(6011,67,136,0,6);
INSERT INTO location VALUES(6012,67,161,0,6);
INSERT INTO location VALUES(6013,84,160,5,6);
INSERT INTO location VALUES(6014,89,171,0,6);
INSERT INTO location VALUES(6015,95,171,1,6);
INSERT INTO location VALUES(6016,45,175,0,6);
INSERT INTO location VALUES(6017,67,175,0,6);
INSERT INTO location VALUES(6018,72,176,6,6);
INSERT INTO location VALUES(6019,67,191,0,6);
INSERT INTO location VALUES(6020,85,187,4,6);
INSERT INTO location VALUES(6021,67,224,0,6);
INSERT INTO location VALUES(6022,81,224,5,6);
INSERT INTO location VALUES(6023,99,216,2,6);
INSERT INTO location VALUES(60200,56,249,0,6);
INSERT INTO location VALUES(60200,54,249,0,6);
INSERT INTO location VALUES(6024,66,248,0,6);
INSERT INTO location VALUES(6025,65,258,0,6);
INSERT INTO location VALUES(6026,66,279,5,6);
INSERT INTO location VALUES(6029,87,249,0,6);
INSERT INTO location VALUES(6028,86,267,0,6);
INSERT INTO location VALUES(6032,142,278,0,6);
INSERT INTO location VALUES(6033,138,283,0,6);
INSERT INTO location VALUES(6027,82,284,0,6);
INSERT INTO location VALUES(6030,128,282,0,6);
INSERT INTO location VALUES(6031,120,283,0,6);
INSERT INTO location VALUES(6034,140,307,0,6);
INSERT INTO location VALUES(6035,147,291,0,6);
INSERT INTO location VALUES(6036,160,316,0,6);
INSERT INTO location VALUES(6037,166,300,0,6);
INSERT INTO location VALUES(6054,184,327,0,6);
INSERT INTO location VALUES(6055,186,307,0,6);
INSERT INTO location VALUES(6039,203,303,1,6);
INSERT INTO location VALUES(6038,200,312,0,6);
INSERT INTO location VALUES(6042,201,339,2,6);
INSERT INTO location VALUES(6041,211,326,6,6);
INSERT INTO location VALUES(6040,213,317,0,6);
INSERT INTO location VALUES(6044,232,316,0,6);
INSERT INTO location VALUES(6043,226,323,0,6);
INSERT INTO location VALUES(6050,217,333,0,6);
INSERT INTO location VALUES(6047,221,341,0,6);
INSERT INTO location VALUES(6045,227,325,0,6);
INSERT INTO location VALUES(6046,247,343,0,6);
INSERT INTO location VALUES(6048,217,333,0,6);
INSERT INTO location VALUES(6049,229,345,0,6);
INSERT INTO location VALUES(6051,210,348,5,6);
CREATE TABLE neighbor (_id, node_id, neighbor_id);
INSERT INTO neighbor VALUES(0,0,14);
INSERT INTO neighbor VALUES(1,14,0);
INSERT INTO neighbor VALUES(2,14,15);
INSERT INTO neighbor VALUES(3,15,14);
INSERT INTO neighbor VALUES(4,15,1);
INSERT INTO neighbor VALUES(5,1,15);
INSERT INTO neighbor VALUES(6,15,16);
INSERT INTO neighbor VALUES(7,16,15);
INSERT INTO neighbor VALUES(8,16,17);
INSERT INTO neighbor VALUES(9,17,16);
INSERT INTO neighbor VALUES(10,17,18);
INSERT INTO neighbor VALUES(11,18,17);
INSERT INTO neighbor VALUES(12,17,19);
INSERT INTO neighbor VALUES(13,19,17);
INSERT INTO neighbor VALUES(14,19,20);
INSERT INTO neighbor VALUES(15,20,19);
INSERT INTO neighbor VALUES(16,20,21);
INSERT INTO neighbor VALUES(17,21,20);
INSERT INTO neighbor VALUES(18,21,22);
INSERT INTO neighbor VALUES(19,22,21);
INSERT INTO neighbor VALUES(20,22,23);
INSERT INTO neighbor VALUES(21,23,22);
INSERT INTO neighbor VALUES(22,23,24);
INSERT INTO neighbor VALUES(23,24,23);
INSERT INTO neighbor VALUES(24,24,25);
INSERT INTO neighbor VALUES(25,25,24);
INSERT INTO neighbor VALUES(26,24,26);
INSERT INTO neighbor VALUES(27,26,24);
INSERT INTO neighbor VALUES(28,26,4);
INSERT INTO neighbor VALUES(29,4,26);
INSERT INTO neighbor VALUES(30,26,31);
INSERT INTO neighbor VALUES(31,31,26);
INSERT INTO neighbor VALUES(32,31,27);
INSERT INTO neighbor VALUES(33,27,31);
INSERT INTO neighbor VALUES(34,27,5);
INSERT INTO neighbor VALUES(35,5,27);
INSERT INTO neighbor VALUES(36,27,28);
INSERT INTO neighbor VALUES(37,28,27);
INSERT INTO neighbor VALUES(38,28,13);
INSERT INTO neighbor VALUES(39,13,28);
INSERT INTO neighbor VALUES(40,31,32);
INSERT INTO neighbor VALUES(41,32,31);
INSERT INTO neighbor VALUES(42,28,33);
INSERT INTO neighbor VALUES(43,33,28);
INSERT INTO neighbor VALUES(44,33,34);
INSERT INTO neighbor VALUES(45,34,33);
INSERT INTO neighbor VALUES(46,26,35);
INSERT INTO neighbor VALUES(47,35,26);
INSERT INTO neighbor VALUES(48,29,36);
INSERT INTO neighbor VALUES(49,36,29);
INSERT INTO neighbor VALUES(50,37,14);
INSERT INTO neighbor VALUES(51,14,37);
INSERT INTO neighbor VALUES(52,37,38);
INSERT INTO neighbor VALUES(53,38,37);
INSERT INTO neighbor VALUES(54,1000,1057);
INSERT INTO neighbor VALUES(55,1001,1065);
INSERT INTO neighbor VALUES(56,1002,1056);
INSERT INTO neighbor VALUES(57,1003,1055);
INSERT INTO neighbor VALUES(58,1004,1054);
INSERT INTO neighbor VALUES(59,1005,1053);
INSERT INTO neighbor VALUES(60,1006,1049);
INSERT INTO neighbor VALUES(61,1007,1048);
INSERT INTO neighbor VALUES(62,1008,1048);
INSERT INTO neighbor VALUES(63,1009,1052);
INSERT INTO neighbor VALUES(64,1010,1050);
INSERT INTO neighbor VALUES(65,1011,1051);
INSERT INTO neighbor VALUES(66,1012,1051);
INSERT INTO neighbor VALUES(67,1013,1050);
INSERT INTO neighbor VALUES(68,1014,1047);
INSERT INTO neighbor VALUES(69,1015,1048);
INSERT INTO neighbor VALUES(70,1016,1045);
INSERT INTO neighbor VALUES(71,1017,1044);
INSERT INTO neighbor VALUES(72,1018,1066);
INSERT INTO neighbor VALUES(73,1019,1070);
INSERT INTO neighbor VALUES(74,1020,1052);
INSERT INTO neighbor VALUES(75,1021,1066);
INSERT INTO neighbor VALUES(76,1022,1063);
INSERT INTO neighbor VALUES(77,1023,1062);
INSERT INTO neighbor VALUES(78,1024,1063);
INSERT INTO neighbor VALUES(79,1025,1062);
INSERT INTO neighbor VALUES(80,1026,1061);
INSERT INTO neighbor VALUES(81,1027,1065);
INSERT INTO neighbor VALUES(82,1028,1072);
INSERT INTO neighbor VALUES(83,1029,1064);
INSERT INTO neighbor VALUES(84,1030,1059);
INSERT INTO neighbor VALUES(85,1031,1072);
INSERT INTO neighbor VALUES(86,1032,1072);
INSERT INTO neighbor VALUES(87,1033,1065);
INSERT INTO neighbor VALUES(88,1034,1068);
INSERT INTO neighbor VALUES(89,1035,1068);
INSERT INTO neighbor VALUES(90,1036,1042);
INSERT INTO neighbor VALUES(91,1037,1041);
INSERT INTO neighbor VALUES(92,1038,1043);
INSERT INTO neighbor VALUES(93,1039,1042);
INSERT INTO neighbor VALUES(94,1040,1043);
INSERT INTO neighbor VALUES(95,1052,1051);
INSERT INTO neighbor VALUES(96,1051,1050);
INSERT INTO neighbor VALUES(97,1050,1049);
INSERT INTO neighbor VALUES(98,1049,1048);
INSERT INTO neighbor VALUES(99,1048,1046);
INSERT INTO neighbor VALUES(100,1046,1045);
INSERT INTO neighbor VALUES(101,1045,1044);
INSERT INTO neighbor VALUES(102,1044,1043);
INSERT INTO neighbor VALUES(103,1043,1042);
INSERT INTO neighbor VALUES(104,1042,1041);
INSERT INTO neighbor VALUES(105,1041,1067);
INSERT INTO neighbor VALUES(106,1067,1068);
INSERT INTO neighbor VALUES(107,1067,1066);
INSERT INTO neighbor VALUES(108,1066,1065);
INSERT INTO neighbor VALUES(109,1065,1072);
INSERT INTO neighbor VALUES(110,1072,1060);
INSERT INTO neighbor VALUES(111,1060,1061);
INSERT INTO neighbor VALUES(112,1061,1062);
INSERT INTO neighbor VALUES(113,1062,1063);
INSERT INTO neighbor VALUES(114,1063,1064);
INSERT INTO neighbor VALUES(115,1060,1058);
INSERT INTO neighbor VALUES(116,1058,1059);
INSERT INTO neighbor VALUES(117,1058,1057);
INSERT INTO neighbor VALUES(118,1057,1056);
INSERT INTO neighbor VALUES(119,1057,1071);
INSERT INTO neighbor VALUES(120,1056,1055);
INSERT INTO neighbor VALUES(121,1055,1054);
INSERT INTO neighbor VALUES(122,1054,1053);
INSERT INTO neighbor VALUES(123,1053,1047);
INSERT INTO neighbor VALUES(124,1047,1046);
INSERT INTO neighbor VALUES(125,1053,1070);
INSERT INTO neighbor VALUES(126,1053,1069);
INSERT INTO neighbor VALUES(127,1069,1067);
INSERT INTO neighbor VALUES(128,1069,1041);
INSERT INTO neighbor VALUES(129,1067,1041);
INSERT INTO neighbor VALUES(130,1070,1071);
INSERT INTO neighbor VALUES(131,1070,1069);
INSERT INTO neighbor VALUES(132,1057,1000);
INSERT INTO neighbor VALUES(133,1065,1001);
INSERT INTO neighbor VALUES(134,1056,1002);
INSERT INTO neighbor VALUES(135,1055,1003);
INSERT INTO neighbor VALUES(136,1054,1004);
INSERT INTO neighbor VALUES(137,1053,1005);
INSERT INTO neighbor VALUES(138,1049,1006);
INSERT INTO neighbor VALUES(139,1048,1007);
INSERT INTO neighbor VALUES(140,1048,1008);
INSERT INTO neighbor VALUES(141,1052,1009);
INSERT INTO neighbor VALUES(142,1050,1010);
INSERT INTO neighbor VALUES(143,1051,1011);
INSERT INTO neighbor VALUES(144,1051,1012);
INSERT INTO neighbor VALUES(145,1050,1013);
INSERT INTO neighbor VALUES(146,1047,1014);
INSERT INTO neighbor VALUES(147,1048,1015);
INSERT INTO neighbor VALUES(148,1045,1016);
INSERT INTO neighbor VALUES(149,1044,1017);
INSERT INTO neighbor VALUES(150,1066,1018);
INSERT INTO neighbor VALUES(151,1070,1019);
INSERT INTO neighbor VALUES(152,1052,1020);
INSERT INTO neighbor VALUES(153,1066,1021);
INSERT INTO neighbor VALUES(154,1063,1022);
INSERT INTO neighbor VALUES(155,1062,1023);
INSERT INTO neighbor VALUES(156,1063,1024);
INSERT INTO neighbor VALUES(157,1062,1025);
INSERT INTO neighbor VALUES(158,1061,1026);
INSERT INTO neighbor VALUES(159,1065,1027);
INSERT INTO neighbor VALUES(160,1072,1028);
INSERT INTO neighbor VALUES(161,1064,1029);
INSERT INTO neighbor VALUES(162,1059,1030);
INSERT INTO neighbor VALUES(163,1072,1031);
INSERT INTO neighbor VALUES(164,1072,1032);
INSERT INTO neighbor VALUES(165,1065,1033);
INSERT INTO neighbor VALUES(166,1068,1034);
INSERT INTO neighbor VALUES(167,1068,1035);
INSERT INTO neighbor VALUES(168,1042,1036);
INSERT INTO neighbor VALUES(169,1041,1037);
INSERT INTO neighbor VALUES(170,1043,1038);
INSERT INTO neighbor VALUES(171,1042,1039);
INSERT INTO neighbor VALUES(172,1043,1040);
INSERT INTO neighbor VALUES(173,1051,1052);
INSERT INTO neighbor VALUES(174,1050,1051);
INSERT INTO neighbor VALUES(175,1049,1050);
INSERT INTO neighbor VALUES(176,1048,1049);
INSERT INTO neighbor VALUES(177,1046,1048);
INSERT INTO neighbor VALUES(178,1045,1046);
INSERT INTO neighbor VALUES(179,1044,1045);
INSERT INTO neighbor VALUES(180,1043,1044);
INSERT INTO neighbor VALUES(181,1042,1043);
INSERT INTO neighbor VALUES(182,1041,1042);
INSERT INTO neighbor VALUES(183,1067,1041);
INSERT INTO neighbor VALUES(184,1068,1067);
INSERT INTO neighbor VALUES(185,1066,1067);
INSERT INTO neighbor VALUES(186,1065,1066);
INSERT INTO neighbor VALUES(187,1072,1065);
INSERT INTO neighbor VALUES(188,1060,1072);
INSERT INTO neighbor VALUES(189,1061,1060);
INSERT INTO neighbor VALUES(190,1062,1061);
INSERT INTO neighbor VALUES(191,1063,1062);
INSERT INTO neighbor VALUES(192,1064,1063);
INSERT INTO neighbor VALUES(193,1058,1060);
INSERT INTO neighbor VALUES(194,1059,1058);
INSERT INTO neighbor VALUES(195,1057,1058);
INSERT INTO neighbor VALUES(196,1056,1057);
INSERT INTO neighbor VALUES(197,1071,1057);
INSERT INTO neighbor VALUES(198,1055,1056);
INSERT INTO neighbor VALUES(199,1054,1055);
INSERT INTO neighbor VALUES(200,1053,1054);
INSERT INTO neighbor VALUES(201,1047,1053);
INSERT INTO neighbor VALUES(202,1046,1047);
INSERT INTO neighbor VALUES(203,1070,1053);
INSERT INTO neighbor VALUES(204,1069,1053);
INSERT INTO neighbor VALUES(205,1067,1069);
INSERT INTO neighbor VALUES(206,1041,1069);
INSERT INTO neighbor VALUES(207,1041,1067);
INSERT INTO neighbor VALUES(208,1071,1070);
INSERT INTO neighbor VALUES(209,1069,1070);
INSERT INTO neighbor VALUES(210,2109,2110);
INSERT INTO neighbor VALUES(211,2110,2109);
INSERT INTO neighbor VALUES(212,2109,2129);
INSERT INTO neighbor VALUES(213,2109,2186);
INSERT INTO neighbor VALUES(214,2186,2109);
INSERT INTO neighbor VALUES(215,2129,2109);
INSERT INTO neighbor VALUES(216,2110,2184);
INSERT INTO neighbor VALUES(217,2184,2110);
INSERT INTO neighbor VALUES(218,2110,2185);
INSERT INTO neighbor VALUES(219,2185,2110);
INSERT INTO neighbor VALUES(220,2129,2183);
INSERT INTO neighbor VALUES(221,2129,2128);
INSERT INTO neighbor VALUES(222,2128,2129);
INSERT INTO neighbor VALUES(223,2128,2182);
INSERT INTO neighbor VALUES(224,2182,2128);
INSERT INTO neighbor VALUES(225,2128,2127);
INSERT INTO neighbor VALUES(226,2127,2128);
INSERT INTO neighbor VALUES(227,2127,2181);
INSERT INTO neighbor VALUES(228,2181,2127);
INSERT INTO neighbor VALUES(229,2127,2115);
INSERT INTO neighbor VALUES(230,2115,2127);
INSERT INTO neighbor VALUES(231,2115,2180);
INSERT INTO neighbor VALUES(232,2180,2115);
INSERT INTO neighbor VALUES(233,2109,2129);
INSERT INTO neighbor VALUES(234,2183,2129);
INSERT INTO neighbor VALUES(235,2115,2114);
INSERT INTO neighbor VALUES(236,2114,2115);
INSERT INTO neighbor VALUES(237,2114,2179);
INSERT INTO neighbor VALUES(238,2179,2114);
INSERT INTO neighbor VALUES(239,2114,2178);
INSERT INTO neighbor VALUES(240,2178,2114);
INSERT INTO neighbor VALUES(241,2114,2113);
INSERT INTO neighbor VALUES(242,2113,2114);
INSERT INTO neighbor VALUES(243,2113,2177);
INSERT INTO neighbor VALUES(244,2177,2113);
INSERT INTO neighbor VALUES(245,2113,2111);
INSERT INTO neighbor VALUES(246,2111,2113);
INSERT INTO neighbor VALUES(247,2113,2176);
INSERT INTO neighbor VALUES(248,2176,2113);
INSERT INTO neighbor VALUES(249,2113,2112);
INSERT INTO neighbor VALUES(250,2112,2113);
INSERT INTO neighbor VALUES(251,2113,2126);
INSERT INTO neighbor VALUES(252,2126,2113);
INSERT INTO neighbor VALUES(253,2112,2130);
INSERT INTO neighbor VALUES(254,2130,2112);
INSERT INTO neighbor VALUES(255,2112,2167);
INSERT INTO neighbor VALUES(256,2167,2112);
INSERT INTO neighbor VALUES(257,2126,2171);
INSERT INTO neighbor VALUES(258,2171,2126);
INSERT INTO neighbor VALUES(259,2126,2125);
INSERT INTO neighbor VALUES(260,2125,2126);
INSERT INTO neighbor VALUES(261,2125,2175);
INSERT INTO neighbor VALUES(262,2175,2125);
INSERT INTO neighbor VALUES(263,2125,2170);
INSERT INTO neighbor VALUES(264,2170,2125);
INSERT INTO neighbor VALUES(265,2125,2117);
INSERT INTO neighbor VALUES(266,2117,2125);
INSERT INTO neighbor VALUES(267,2117,2124);
INSERT INTO neighbor VALUES(268,2124,2117);
INSERT INTO neighbor VALUES(269,2124,2130);
INSERT INTO neighbor VALUES(270,2130,2124);
INSERT INTO neighbor VALUES(271,2124,2166);
INSERT INTO neighbor VALUES(272,2166,2124);
INSERT INTO neighbor VALUES(273,2117,2116);
INSERT INTO neighbor VALUES(274,2116,2117);
INSERT INTO neighbor VALUES(275,2117,2159);
INSERT INTO neighbor VALUES(276,2117,2172);
INSERT INTO neighbor VALUES(277,2159,2117);
INSERT INTO neighbor VALUES(278,2172,2117);
INSERT INTO neighbor VALUES(279,2117,2118);
INSERT INTO neighbor VALUES(280,2118,2117);
INSERT INTO neighbor VALUES(281,2118,2168);
INSERT INTO neighbor VALUES(282,2168,2118);
INSERT INTO neighbor VALUES(283,2118,2131);
INSERT INTO neighbor VALUES(284,2131,2118);
INSERT INTO neighbor VALUES(285,2118,2123);
INSERT INTO neighbor VALUES(286,2123,2118);
INSERT INTO neighbor VALUES(287,2123,2156);
INSERT INTO neighbor VALUES(288,2156,2123);
INSERT INTO neighbor VALUES(289,2123,2122);
INSERT INTO neighbor VALUES(290,2122,2123);
INSERT INTO neighbor VALUES(291,2121,2123);
INSERT INTO neighbor VALUES(292,2123,2121);
INSERT INTO neighbor VALUES(293,2122,2154);
INSERT INTO neighbor VALUES(294,2154,2122);
INSERT INTO neighbor VALUES(295,2121,2153);
INSERT INTO neighbor VALUES(296,2153,2121);
INSERT INTO neighbor VALUES(297,2121,2152);
INSERT INTO neighbor VALUES(298,2152,2121);
INSERT INTO neighbor VALUES(299,2120,2121);
INSERT INTO neighbor VALUES(300,2121,2120);
INSERT INTO neighbor VALUES(301,2120,2151);
INSERT INTO neighbor VALUES(302,2151,2120);
INSERT INTO neighbor VALUES(303,2120,2119);
INSERT INTO neighbor VALUES(304,2119,2120);
INSERT INTO neighbor VALUES(305,2119,2150);
INSERT INTO neighbor VALUES(306,2150,2119);
INSERT INTO neighbor VALUES(307,2119,2135);
INSERT INTO neighbor VALUES(308,2135,2119);
INSERT INTO neighbor VALUES(309,2135,2140);
INSERT INTO neighbor VALUES(310,2140,2135);
INSERT INTO neighbor VALUES(311,2135,2134);
INSERT INTO neighbor VALUES(312,2134,2135);
INSERT INTO neighbor VALUES(313,2134,2138);
INSERT INTO neighbor VALUES(314,2138,2134);
INSERT INTO neighbor VALUES(315,2134,2133);
INSERT INTO neighbor VALUES(316,2133,2134);
INSERT INTO neighbor VALUES(317,2133,2136);
INSERT INTO neighbor VALUES(318,2136,2133);
INSERT INTO neighbor VALUES(319,2133,2132);
INSERT INTO neighbor VALUES(320,2132,2137);
INSERT INTO neighbor VALUES(321,2137,2132);
INSERT INTO neighbor VALUES(322,2132,2141);
INSERT INTO neighbor VALUES(323,2141,2132);
INSERT INTO neighbor VALUES(324,2208,2216);
INSERT INTO neighbor VALUES(325,2216,2213);
INSERT INTO neighbor VALUES(326,2213,2000);
INSERT INTO neighbor VALUES(327,2212,2188);
INSERT INTO neighbor VALUES(328,2213,2216);
INSERT INTO neighbor VALUES(329,2212,2211);
INSERT INTO neighbor VALUES(330,2211,2210);
INSERT INTO neighbor VALUES(331,2210,2203);
INSERT INTO neighbor VALUES(332,2210,2209);
INSERT INTO neighbor VALUES(333,2209,2202);
INSERT INTO neighbor VALUES(334,2210,2196);
INSERT INTO neighbor VALUES(335,2209,2217);
INSERT INTO neighbor VALUES(336,2217,2194);
INSERT INTO neighbor VALUES(337,2217,2207);
INSERT INTO neighbor VALUES(338,2207,2193);
INSERT INTO neighbor VALUES(339,2207,2195);
INSERT INTO neighbor VALUES(340,2207,2206);
INSERT INTO neighbor VALUES(341,2206,2205);
INSERT INTO neighbor VALUES(342,2206,2201);
INSERT INTO neighbor VALUES(343,2211,2214);
INSERT INTO neighbor VALUES(344,2214,2197);
INSERT INTO neighbor VALUES(345,2214,2215);
INSERT INTO neighbor VALUES(346,2215,2200);
INSERT INTO neighbor VALUES(347,2215,2198);
INSERT INTO neighbor VALUES(348,2215,2218);
INSERT INTO neighbor VALUES(349,2218,2199);
INSERT INTO neighbor VALUES(350,2216,2208);
INSERT INTO neighbor VALUES(351,2213,2216);
INSERT INTO neighbor VALUES(352,2000,2213);
INSERT INTO neighbor VALUES(353,2188,2212);
INSERT INTO neighbor VALUES(354,2211,2213);
INSERT INTO neighbor VALUES(355,2211,2212);
INSERT INTO neighbor VALUES(356,2210,2211);
INSERT INTO neighbor VALUES(357,2203,2210);
INSERT INTO neighbor VALUES(358,2209,2210);
INSERT INTO neighbor VALUES(359,2202,2209);
INSERT INTO neighbor VALUES(360,2196,2210);
INSERT INTO neighbor VALUES(361,2217,2209);
INSERT INTO neighbor VALUES(362,2194,2217);
INSERT INTO neighbor VALUES(363,2207,2217);
INSERT INTO neighbor VALUES(364,2193,2207);
INSERT INTO neighbor VALUES(365,2195,2207);
INSERT INTO neighbor VALUES(366,2206,2207);
INSERT INTO neighbor VALUES(367,2205,2206);
INSERT INTO neighbor VALUES(368,2201,2206);
INSERT INTO neighbor VALUES(369,2214,2211);
INSERT INTO neighbor VALUES(370,2197,2214);
INSERT INTO neighbor VALUES(371,2215,2214);
INSERT INTO neighbor VALUES(372,2200,2215);
INSERT INTO neighbor VALUES(373,2198,2215);
INSERT INTO neighbor VALUES(374,2218,2215);
INSERT INTO neighbor VALUES(375,2199,2218);
INSERT INTO neighbor VALUES(376,2216,2130);
INSERT INTO neighbor VALUES(377,2218,2136);
INSERT INTO neighbor VALUES(378,2130,2216);
INSERT INTO neighbor VALUES(379,2136,2218);
INSERT INTO neighbor VALUES(380,5000,5048);
INSERT INTO neighbor VALUES(381,5048,5000);
INSERT INTO neighbor VALUES(382,5048,5004);
INSERT INTO neighbor VALUES(383,5048,5047);
INSERT INTO neighbor VALUES(384,5048,5006);
INSERT INTO neighbor VALUES(385,5048,5049);
INSERT INTO neighbor VALUES(386,5004,5048);
INSERT INTO neighbor VALUES(387,5006,5048);
INSERT INTO neighbor VALUES(388,5006,5047);
INSERT INTO neighbor VALUES(389,5006,5050);
INSERT INTO neighbor VALUES(390,5006,5049);
INSERT INTO neighbor VALUES(391,5049,5048);
INSERT INTO neighbor VALUES(392,5049,5006);
INSERT INTO neighbor VALUES(393,5049,5005);
INSERT INTO neighbor VALUES(394,5049,5050);
INSERT INTO neighbor VALUES(395,5005,5049);
INSERT INTO neighbor VALUES(396,5050,5049);
INSERT INTO neighbor VALUES(397,5050,5006);
INSERT INTO neighbor VALUES(398,5050,5002);
INSERT INTO neighbor VALUES(399,5050,5047);
INSERT INTO neighbor VALUES(400,5050,5001);
INSERT INTO neighbor VALUES(401,5001,5050);
INSERT INTO neighbor VALUES(402,5001,5002);
INSERT INTO neighbor VALUES(403,5001,5047);
INSERT INTO neighbor VALUES(404,5002,5050);
INSERT INTO neighbor VALUES(405,5002,5001);
INSERT INTO neighbor VALUES(406,5002,5047);
INSERT INTO neighbor VALUES(407,5047,5048);
INSERT INTO neighbor VALUES(408,5047,5006);
INSERT INTO neighbor VALUES(409,5047,5050);
INSERT INTO neighbor VALUES(410,5047,5002);
INSERT INTO neighbor VALUES(411,5047,5001);
INSERT INTO neighbor VALUES(412,5047,5046);
INSERT INTO neighbor VALUES(413,5046,5047);
INSERT INTO neighbor VALUES(414,5046,5003);
INSERT INTO neighbor VALUES(415,5046,5007);
INSERT INTO neighbor VALUES(416,5046,5045);
INSERT INTO neighbor VALUES(417,5003,5046);
INSERT INTO neighbor VALUES(418,5007,5046);
INSERT INTO neighbor VALUES(419,5045,5046);
INSERT INTO neighbor VALUES(420,5045,5008);
INSERT INTO neighbor VALUES(421,5045,5044);
INSERT INTO neighbor VALUES(422,5008,5045);
INSERT INTO neighbor VALUES(423,5044,5045);
INSERT INTO neighbor VALUES(424,5044,5009);
INSERT INTO neighbor VALUES(425,5044,5043);
INSERT INTO neighbor VALUES(426,5009,5044);
INSERT INTO neighbor VALUES(427,5043,5044);
INSERT INTO neighbor VALUES(428,5043,5042);
INSERT INTO neighbor VALUES(429,5043,5010);
INSERT INTO neighbor VALUES(430,5010,5043);
INSERT INTO neighbor VALUES(431,5042,5043);
INSERT INTO neighbor VALUES(432,5042,5041);
INSERT INTO neighbor VALUES(433,5042,5011);
INSERT INTO neighbor VALUES(434,5011,5042);
INSERT INTO neighbor VALUES(435,5041,5042);
INSERT INTO neighbor VALUES(436,5041,5040);
INSERT INTO neighbor VALUES(437,5041,5013);
INSERT INTO neighbor VALUES(438,5013,5041);
INSERT INTO neighbor VALUES(439,5040,5041);
INSERT INTO neighbor VALUES(440,5040,5015);
INSERT INTO neighbor VALUES(441,5040,5039);
INSERT INTO neighbor VALUES(442,5040,5012);
INSERT INTO neighbor VALUES(443,5015,5040);
INSERT INTO neighbor VALUES(444,5012,5040);
INSERT INTO neighbor VALUES(445,5039,5040);
INSERT INTO neighbor VALUES(446,5039,5038);
INSERT INTO neighbor VALUES(447,5039,5021);
INSERT INTO neighbor VALUES(448,5039,5014);
INSERT INTO neighbor VALUES(449,5021,5039);
INSERT INTO neighbor VALUES(450,5014,5039);
INSERT INTO neighbor VALUES(451,5038,5039);
INSERT INTO neighbor VALUES(452,5038,5018);
INSERT INTO neighbor VALUES(453,5038,5037);
INSERT INTO neighbor VALUES(454,5018,5038);
INSERT INTO neighbor VALUES(455,5037,5038);
INSERT INTO neighbor VALUES(456,5037,5036);
INSERT INTO neighbor VALUES(457,5037,5020);
INSERT INTO neighbor VALUES(458,5037,5017);
INSERT INTO neighbor VALUES(459,5020,5037);
INSERT INTO neighbor VALUES(460,5017,5037);
INSERT INTO neighbor VALUES(461,5036,5037);
INSERT INTO neighbor VALUES(462,5036,5035);
INSERT INTO neighbor VALUES(463,5037,5019);
INSERT INTO neighbor VALUES(464,5036,5022);
INSERT INTO neighbor VALUES(465,5036,5016);
INSERT INTO neighbor VALUES(466,5019,5037);
INSERT INTO neighbor VALUES(467,5022,5019);
INSERT INTO neighbor VALUES(468,5022,5036);
INSERT INTO neighbor VALUES(469,5016,5036);
INSERT INTO neighbor VALUES(470,5035,5036);
INSERT INTO neighbor VALUES(471,5035,5034);
INSERT INTO neighbor VALUES(472,5035,5023);
INSERT INTO neighbor VALUES(473,5023,5035);
INSERT INTO neighbor VALUES(474,5034,5033);
INSERT INTO neighbor VALUES(475,5034,5035);
INSERT INTO neighbor VALUES(476,5034,5024);
INSERT INTO neighbor VALUES(477,5024,5034);
INSERT INTO neighbor VALUES(478,5033,5034);
INSERT INTO neighbor VALUES(479,5033,5032);
INSERT INTO neighbor VALUES(480,5033,5025);
INSERT INTO neighbor VALUES(481,5034,5026);
INSERT INTO neighbor VALUES(482,5025,5033);
INSERT INTO neighbor VALUES(483,5026,5034);
INSERT INTO neighbor VALUES(484,5032,5031);
INSERT INTO neighbor VALUES(485,5032,5033);
INSERT INTO neighbor VALUES(486,5032,5027);
INSERT INTO neighbor VALUES(487,5027,5032);
INSERT INTO neighbor VALUES(488,5031,5032);
INSERT INTO neighbor VALUES(489,5031,5030);
INSERT INTO neighbor VALUES(490,5031,5028);
INSERT INTO neighbor VALUES(491,5031,5029);
INSERT INTO neighbor VALUES(492,5029,5031);
INSERT INTO neighbor VALUES(493,5028,5031);
INSERT INTO neighbor VALUES(494,5030,5031);
INSERT INTO neighbor VALUES(495,4000,4003);
INSERT INTO neighbor VALUES(496,4001,4003);
INSERT INTO neighbor VALUES(497,4002,4003);
INSERT INTO neighbor VALUES(498,4003,4000);
INSERT INTO neighbor VALUES(499,4003,4001);
INSERT INTO neighbor VALUES(500,4003,4002);
INSERT INTO neighbor VALUES(501,4003,4004);
INSERT INTO neighbor VALUES(502,4004,4003);
INSERT INTO neighbor VALUES(503,4004,4005);
INSERT INTO neighbor VALUES(504,4004,4007);
INSERT INTO neighbor VALUES(505,4004,4006);
INSERT INTO neighbor VALUES(506,4005,4004);
INSERT INTO neighbor VALUES(507,4006,4004);
INSERT INTO neighbor VALUES(508,4007,4004);
INSERT INTO neighbor VALUES(509,4007,4008);
INSERT INTO neighbor VALUES(510,4007,4009);
INSERT INTO neighbor VALUES(511,4007,4010);
INSERT INTO neighbor VALUES(512,4009,4007);
INSERT INTO neighbor VALUES(513,4008,4007);
INSERT INTO neighbor VALUES(514,4010,4007);
INSERT INTO neighbor VALUES(515,4010,4011);
INSERT INTO neighbor VALUES(516,4010,4025);
INSERT INTO neighbor VALUES(517,4011,4010);
INSERT INTO neighbor VALUES(518,4011,4012);
INSERT INTO neighbor VALUES(519,4011,4013);
INSERT INTO neighbor VALUES(520,4011,4014);
INSERT INTO neighbor VALUES(521,4011,4034);
INSERT INTO neighbor VALUES(522,4013,4011);
INSERT INTO neighbor VALUES(523,4013,4034);
INSERT INTO neighbor VALUES(524,4034,4011);
INSERT INTO neighbor VALUES(525,4034,4013);
INSERT INTO neighbor VALUES(526,4012,4011);
INSERT INTO neighbor VALUES(527,4014,4011);
INSERT INTO neighbor VALUES(528,4014,4016);
INSERT INTO neighbor VALUES(529,4014,4015);
INSERT INTO neighbor VALUES(530,4014,4017);
INSERT INTO neighbor VALUES(531,4015,4014);
INSERT INTO neighbor VALUES(532,4016,4014);
INSERT INTO neighbor VALUES(533,4017,4014);
INSERT INTO neighbor VALUES(534,4017,4019);
INSERT INTO neighbor VALUES(535,4017,4018);
INSERT INTO neighbor VALUES(536,4017,4020);
INSERT INTO neighbor VALUES(537,4019,4017);
INSERT INTO neighbor VALUES(538,4018,4017);
INSERT INTO neighbor VALUES(539,4020,4017);
INSERT INTO neighbor VALUES(540,4020,4021);
INSERT INTO neighbor VALUES(541,4020,4022);
INSERT INTO neighbor VALUES(542,4021,4020);
INSERT INTO neighbor VALUES(543,4022,4020);
INSERT INTO neighbor VALUES(544,4022,4024);
INSERT INTO neighbor VALUES(545,4022,4023);
INSERT INTO neighbor VALUES(546,4024,4022);
INSERT INTO neighbor VALUES(547,4023,4022);
INSERT INTO neighbor VALUES(548,4025,4026);
INSERT INTO neighbor VALUES(549,4025,4028);
INSERT INTO neighbor VALUES(550,4025,4027);
INSERT INTO neighbor VALUES(551,4026,4025);
INSERT INTO neighbor VALUES(552,4027,4025);
INSERT INTO neighbor VALUES(553,4028,4030);
INSERT INTO neighbor VALUES(554,4028,4025);
INSERT INTO neighbor VALUES(555,4028,4029);
INSERT INTO neighbor VALUES(556,4028,4031);
INSERT INTO neighbor VALUES(557,4030,4028);
INSERT INTO neighbor VALUES(558,4029,4028);
INSERT INTO neighbor VALUES(559,4031,4028);
INSERT INTO neighbor VALUES(560,4031,4032);
INSERT INTO neighbor VALUES(561,4031,4033);
INSERT INTO neighbor VALUES(562,4032,4031);
INSERT INTO neighbor VALUES(563,4033,4031);
INSERT INTO neighbor VALUES(564,5051,5022);
INSERT INTO neighbor VALUES(565,5051,5036);
INSERT INTO neighbor VALUES(566,5036,5051);
INSERT INTO neighbor VALUES(567,5022,5051);
INSERT INTO neighbor VALUES(568,4000,5022);
INSERT INTO neighbor VALUES(569,5022,4000);
INSERT INTO neighbor VALUES(570,5051,4001);
INSERT INTO neighbor VALUES(571,4001,5051);
INSERT INTO neighbor VALUES(572,5003,4033);
INSERT INTO neighbor VALUES(573,4033,5003);
INSERT INTO neighbor VALUES(574,6059,6058);
INSERT INTO neighbor VALUES(575,6058,6059);
INSERT INTO neighbor VALUES(576,6058,6061);
INSERT INTO neighbor VALUES(577,6058,6057);
INSERT INTO neighbor VALUES(578,6062,6058);
INSERT INTO neighbor VALUES(579,6060,6061);
INSERT INTO neighbor VALUES(580,6061,6060);
INSERT INTO neighbor VALUES(581,6061,6058);
INSERT INTO neighbor VALUES(582,6057,6058);
INSERT INTO neighbor VALUES(583,6000,6002);
INSERT INTO neighbor VALUES(584,6002,6000);
INSERT INTO neighbor VALUES(585,6002,6005);
INSERT INTO neighbor VALUES(586,6002,6001);
INSERT INTO neighbor VALUES(587,6002,6003);
INSERT INTO neighbor VALUES(588,6001,6002);
INSERT INTO neighbor VALUES(589,6003,6002);
INSERT INTO neighbor VALUES(590,6006,6005);
INSERT INTO neighbor VALUES(591,6005,6006);
INSERT INTO neighbor VALUES(592,6005,6002);
INSERT INTO neighbor VALUES(593,6005,6004);
INSERT INTO neighbor VALUES(594,6005,6008);
INSERT INTO neighbor VALUES(595,6004,6005);
INSERT INTO neighbor VALUES(596,6009,6008);
INSERT INTO neighbor VALUES(597,6008,6009);
INSERT INTO neighbor VALUES(598,6008,6007);
INSERT INTO neighbor VALUES(599,6008,6005);
INSERT INTO neighbor VALUES(600,6008,6011);
INSERT INTO neighbor VALUES(601,6007,6008);
INSERT INTO neighbor VALUES(602,6010,6011);
INSERT INTO neighbor VALUES(603,6011,6010);
INSERT INTO neighbor VALUES(604,6011,6008);
INSERT INTO neighbor VALUES(605,6011,6012);
INSERT INTO neighbor VALUES(606,6012,6011);
INSERT INTO neighbor VALUES(607,6012,6013);
INSERT INTO neighbor VALUES(608,6012,6017);
INSERT INTO neighbor VALUES(609,6013,6012);
INSERT INTO neighbor VALUES(610,6013,6014);
INSERT INTO neighbor VALUES(611,6014,6013);
INSERT INTO neighbor VALUES(612,6014,6015);
INSERT INTO neighbor VALUES(613,6015,6014);
INSERT INTO neighbor VALUES(614,6016,6017);
INSERT INTO neighbor VALUES(615,6017,6016);
INSERT INTO neighbor VALUES(616,6017,6018);
INSERT INTO neighbor VALUES(617,6017,6012);
INSERT INTO neighbor VALUES(618,6017,6019);
INSERT INTO neighbor VALUES(619,6018,6017);
INSERT INTO neighbor VALUES(620,6019,6020);
INSERT INTO neighbor VALUES(621,6019,6017);
INSERT INTO neighbor VALUES(622,6019,6021);
INSERT INTO neighbor VALUES(623,6020,6019);
INSERT INTO neighbor VALUES(624,6021,6019);
INSERT INTO neighbor VALUES(625,6021,6022);
INSERT INTO neighbor VALUES(626,6021,6024);
INSERT INTO neighbor VALUES(627,6022,6021);
INSERT INTO neighbor VALUES(628,6022,6023);
INSERT INTO neighbor VALUES(629,6023,6022);
INSERT INTO neighbor VALUES(630,60200,6024);
INSERT INTO neighbor VALUES(631,60200,6024);
INSERT INTO neighbor VALUES(632,60200,6024);
INSERT INTO neighbor VALUES(633,60200,6024);
INSERT INTO neighbor VALUES(634,60200,6024);
INSERT INTO neighbor VALUES(635,60200,6024);
INSERT INTO neighbor VALUES(636,60200,6024);
INSERT INTO neighbor VALUES(637,6024,6025);
INSERT INTO neighbor VALUES(638,6024,60200);
INSERT INTO neighbor VALUES(639,6024,6021);
INSERT INTO neighbor VALUES(640,6025,6024);
INSERT INTO neighbor VALUES(641,6025,6026);
INSERT INTO neighbor VALUES(642,6025,6028);
INSERT INTO neighbor VALUES(643,6026,6025);
INSERT INTO neighbor VALUES(644,6029,6028);
INSERT INTO neighbor VALUES(645,6028,6029);
INSERT INTO neighbor VALUES(646,6028,6025);
INSERT INTO neighbor VALUES(647,6028,6027);
INSERT INTO neighbor VALUES(648,6028,6030);
INSERT INTO neighbor VALUES(649,6032,6033);
INSERT INTO neighbor VALUES(650,6032,6033);
INSERT INTO neighbor VALUES(651,6032,6033);
INSERT INTO neighbor VALUES(652,6032,6033);
INSERT INTO neighbor VALUES(653,6032,6033);
INSERT INTO neighbor VALUES(654,6032,6033);
INSERT INTO neighbor VALUES(655,6032,6033);
INSERT INTO neighbor VALUES(656,6032,6033);
INSERT INTO neighbor VALUES(657,6033,6032);
INSERT INTO neighbor VALUES(658,6033,6030);
INSERT INTO neighbor VALUES(659,6033,6035);
INSERT INTO neighbor VALUES(660,6027,6028);
INSERT INTO neighbor VALUES(661,6030,6031);
INSERT INTO neighbor VALUES(662,6030,6028);
INSERT INTO neighbor VALUES(663,6030,6033);
INSERT INTO neighbor VALUES(664,6031,6030);
INSERT INTO neighbor VALUES(665,6034,6035);
INSERT INTO neighbor VALUES(666,6035,6037);
INSERT INTO neighbor VALUES(667,6035,6033);
INSERT INTO neighbor VALUES(668,6035,6034);
INSERT INTO neighbor VALUES(669,6036,6037);
INSERT INTO neighbor VALUES(670,6037,6036);
INSERT INTO neighbor VALUES(671,6037,6035);
INSERT INTO neighbor VALUES(672,6037,6038);
INSERT INTO neighbor VALUES(673,6054,6055);
INSERT INTO neighbor VALUES(674,6055,6054);
INSERT INTO neighbor VALUES(675,6055,6037);
INSERT INTO neighbor VALUES(676,6055,6038);
INSERT INTO neighbor VALUES(677,6039,6038);
INSERT INTO neighbor VALUES(678,6038,6039);
INSERT INTO neighbor VALUES(679,6038,6040);
INSERT INTO neighbor VALUES(680,6038,6055);
INSERT INTO neighbor VALUES(681,6042,6041);
INSERT INTO neighbor VALUES(682,6041,6042);
INSERT INTO neighbor VALUES(683,6041,6040);
INSERT INTO neighbor VALUES(684,6040,6041);
INSERT INTO neighbor VALUES(685,6040,6038);
INSERT INTO neighbor VALUES(686,6040,6043);
INSERT INTO neighbor VALUES(687,6044,6043);
INSERT INTO neighbor VALUES(688,6043,6044);
INSERT INTO neighbor VALUES(689,6043,6040);
INSERT INTO neighbor VALUES(690,6043,6045);
INSERT INTO neighbor VALUES(691,6050,6047);
INSERT INTO neighbor VALUES(692,6047,6050);
INSERT INTO neighbor VALUES(693,6047,6048);
INSERT INTO neighbor VALUES(694,6047,6045);
INSERT INTO neighbor VALUES(695,6047,6049);
INSERT INTO neighbor VALUES(696,6045,6046);
INSERT INTO neighbor VALUES(697,6045,6043);
INSERT INTO neighbor VALUES(698,6045,6047);
INSERT INTO neighbor VALUES(699,6046,6045);
INSERT INTO neighbor VALUES(700,6048,6047);
INSERT INTO neighbor VALUES(701,6048,6047);
INSERT INTO neighbor VALUES(702,6048,6047);
INSERT INTO neighbor VALUES(703,6048,6047);
INSERT INTO neighbor VALUES(704,6051,6049);
INSERT INTO neighbor VALUES(705,6049,6051);
INSERT INTO neighbor VALUES(706,6049,6047);
INSERT INTO neighbor VALUES(707,29,16);
COMMIT;
